Time,A8,B1,B9,C10,D2,D11,E3,F4,G5,H6,Mean
0:00:09,0.019,0.023,0.011,0.013,0.02,0.025,0.017,0.011,0.007,0.006,0.0152
0:05:09,0.014,0.01,0.015,0.008,0.008,0.02,0.012,0.014,0.009,0.01,0.012
0:10:09,0.015,0.009,0.015,0.01,0.009,0.02,0.012,0.014,0.008,0.01,0.0122
0:15:09,0.016,0.008,0.014,0.009,0.009,0.02,0.011,0.015,0.008,0.01,0.012
0:20:09,0.017,0.008,0.015,0.008,0.009,0.019,0.012,0.015,0.008,0.011,0.0122
0:25:09,0.017,0.008,0.015,0.008,0.009,0.017,0.012,0.016,0.008,0.011,0.0121
0:30:09,0.018,0.008,0.015,0.008,0.009,0.017,0.012,0.017,0.008,0.011,0.0123
0:35:09,0.019,0.007,0.015,0.008,0.009,0.025,0.012,0.019,0.008,0.011,0.0133
0:40:09,0.02,0.007,0.016,0.008,0.009,0.029,0.012,0.021,0.008,0.012,0.0142
0:45:09,0.021,0.008,0.016,0.007,0.009,0.03,0.011,0.021,0.009,0.012,0.0144
0:50:09,0.022,0.008,0.016,0.008,0.009,0.034,0.012,0.022,0.009,0.012,0.0152
0:55:09,0.022,0.009,0.017,0.008,0.009,0.038,0.012,0.022,0.01,0.012,0.0159
1:00:09,0.023,0.009,0.017,0.008,0.01,0.037,0.013,0.024,0.01,0.013,0.0164
1:05:09,0.024,0.009,0.018,0.008,0.01,0.033,0.013,0.025,0.011,0.013,0.0164
1:10:09,0.025,0.009,0.018,0.009,0.011,0.029,0.013,0.026,0.011,0.014,0.0165
1:15:09,0.025,0.01,0.019,0.009,0.011,0.027,0.014,0.027,0.012,0.014,0.0168
1:20:09,0.026,0.01,0.02,0.009,0.012,0.027,0.014,0.027,0.013,0.015,0.0173
1:25:09,0.027,0.011,0.021,0.01,0.012,0.028,0.015,0.026,0.014,0.015,0.0179
1:30:09,0.028,0.012,0.022,0.01,0.013,0.03,0.015,0.026,0.014,0.016,0.0186
1:35:09,0.029,0.013,0.024,0.012,0.014,0.031,0.016,0.026,0.015,0.017,0.0197
1:40:09,0.03,0.015,0.025,0.013,0.014,0.032,0.017,0.027,0.016,0.017,0.0206
1:45:09,0.031,0.015,0.026,0.014,0.015,0.034,0.018,0.029,0.017,0.019,0.0218
1:50:09,0.032,0.016,0.027,0.015,0.015,0.035,0.019,0.031,0.018,0.019,0.0227
1:55:09,0.034,0.017,0.029,0.016,0.015,0.037,0.02,0.033,0.019,0.02,0.024
2:00:09,0.036,0.018,0.029,0.017,0.016,0.038,0.021,0.034,0.02,0.021,0.025
2:05:09,0.037,0.019,0.031,0.019,0.017,0.04,0.022,0.035,0.021,0.023,0.0264
2:10:09,0.038,0.02,0.032,0.02,0.018,0.042,0.024,0.037,0.023,0.024,0.0278
2:15:09,0.04,0.021,0.034,0.021,0.019,0.044,0.025,0.038,0.023,0.026,0.0291
2:20:09,0.041,0.022,0.036,0.022,0.02,0.045,0.026,0.039,0.024,0.028,0.0303
2:25:09,0.043,0.023,0.038,0.024,0.021,0.047,0.027,0.041,0.026,0.03,0.032
2:30:09,0.045,0.023,0.039,0.026,0.022,0.049,0.028,0.042,0.027,0.031,0.0332
2:35:09,0.047,0.023,0.039,0.027,0.023,0.05,0.029,0.044,0.029,0.031,0.0342
2:40:09,0.049,0.024,0.039,0.028,0.023,0.052,0.03,0.045,0.03,0.03,0.035
2:45:09,0.051,0.026,0.039,0.028,0.024,0.054,0.03,0.046,0.03,0.03,0.0358
2:50:09,0.054,0.027,0.039,0.028,0.025,0.056,0.031,0.048,0.03,0.03,0.0368
2:55:09,0.056,0.028,0.04,0.028,0.026,0.058,0.032,0.049,0.031,0.03,0.0378
3:00:09,0.058,0.029,0.043,0.029,0.027,0.06,0.034,0.05,0.032,0.031,0.0393
3:05:09,0.059,0.031,0.043,0.03,0.027,0.061,0.035,0.052,0.033,0.032,0.0403
3:10:09,0.059,0.032,0.046,0.032,0.027,0.063,0.036,0.053,0.034,0.034,0.0416
3:15:09,0.059,0.033,0.047,0.033,0.029,0.065,0.038,0.055,0.036,0.035,0.043
3:20:09,0.061,0.035,0.051,0.034,0.03,0.067,0.04,0.056,0.036,0.036,0.0446
3:25:09,0.062,0.036,0.048,0.035,0.032,0.069,0.041,0.057,0.038,0.037,0.0455
3:30:09,0.063,0.037,0.051,0.037,0.033,0.071,0.041,0.058,0.039,0.038,0.0468
3:35:09,0.065,0.039,0.053,0.038,0.035,0.073,0.042,0.06,0.04,0.039,0.0484
3:40:09,0.064,0.04,0.053,0.039,0.036,0.075,0.043,0.062,0.041,0.04,0.0493
3:45:09,0.067,0.042,0.057,0.041,0.038,0.078,0.043,0.063,0.042,0.041,0.0512
3:50:09,0.069,0.042,0.055,0.041,0.039,0.081,0.044,0.065,0.044,0.043,0.0523
3:55:09,0.074,0.045,0.058,0.044,0.041,0.084,0.047,0.067,0.045,0.045,0.055
4:00:09,0.072,0.046,0.06,0.045,0.042,0.086,0.049,0.069,0.046,0.045,0.056
4:05:09,0.076,0.047,0.062,0.046,0.043,0.089,0.051,0.071,0.048,0.047,0.058
4:10:09,0.08,0.049,0.064,0.048,0.045,0.092,0.052,0.073,0.048,0.048,0.0599
4:15:09,0.082,0.05,0.065,0.05,0.046,0.095,0.053,0.075,0.05,0.049,0.0615
4:20:09,0.082,0.052,0.068,0.052,0.047,0.098,0.054,0.077,0.051,0.051,0.0632
4:25:09,0.087,0.054,0.07,0.054,0.048,0.101,0.056,0.079,0.053,0.053,0.0655
4:30:09,0.088,0.056,0.072,0.056,0.05,0.104,0.058,0.081,0.055,0.055,0.0675
4:35:09,0.089,0.057,0.075,0.058,0.051,0.108,0.06,0.083,0.057,0.057,0.0695
4:40:09,0.094,0.059,0.077,0.06,0.053,0.111,0.062,0.086,0.058,0.058,0.0718
4:45:09,0.096,0.061,0.079,0.062,0.054,0.114,0.064,0.088,0.06,0.06,0.0738
4:50:09,0.099,0.063,0.082,0.065,0.056,0.117,0.067,0.091,0.063,0.063,0.0766
4:55:09,0.102,0.065,0.085,0.068,0.057,0.12,0.07,0.094,0.064,0.065,0.079
5:00:09,0.105,0.066,0.088,0.07,0.06,0.123,0.073,0.096,0.066,0.067,0.0814
5:05:09,0.108,0.069,0.091,0.073,0.062,0.126,0.076,0.099,0.069,0.069,0.0842
5:10:09,0.112,0.071,0.094,0.075,0.064,0.13,0.079,0.102,0.071,0.071,0.0869
5:15:09,0.118,0.073,0.097,0.079,0.066,0.133,0.082,0.106,0.073,0.074,0.0901
5:20:09,0.121,0.076,0.101,0.083,0.068,0.137,0.085,0.109,0.076,0.077,0.0933
5:25:09,0.124,0.079,0.104,0.087,0.07,0.14,0.087,0.112,0.078,0.08,0.0961
5:30:09,0.129,0.08,0.108,0.09,0.073,0.143,0.089,0.115,0.081,0.083,0.0991
5:35:09,0.133,0.084,0.113,0.094,0.076,0.146,0.092,0.12,0.084,0.086,0.1028
5:40:09,0.138,0.087,0.116,0.098,0.078,0.149,0.095,0.123,0.087,0.088,0.1059
5:45:09,0.142,0.091,0.12,0.101,0.081,0.151,0.098,0.126,0.091,0.091,0.1092
5:50:09,0.146,0.093,0.124,0.105,0.084,0.153,0.103,0.129,0.094,0.094,0.1125
5:55:09,0.151,0.097,0.128,0.11,0.087,0.156,0.107,0.133,0.098,0.098,0.1165
6:00:09,0.154,0.102,0.132,0.115,0.09,0.159,0.111,0.136,0.101,0.102,0.1202
6:05:09,0.159,0.106,0.137,0.12,0.093,0.162,0.116,0.139,0.105,0.105,0.1242
6:10:09,0.164,0.11,0.141,0.124,0.097,0.167,0.12,0.141,0.109,0.108,0.1281
6:15:09,0.167,0.115,0.144,0.129,0.1,0.173,0.123,0.144,0.113,0.113,0.1321
6:20:09,0.173,0.119,0.15,0.134,0.104,0.228,0.127,0.148,0.116,0.117,0.1416
6:25:09,0.178,0.124,0.154,0.138,0.108,0.262,0.13,0.152,0.119,0.121,0.1486
6:30:09,0.183,0.127,0.159,0.142,0.111,0.322,0.133,0.154,0.122,0.125,0.1578
6:35:09,0.192,0.132,0.167,0.146,0.115,0.3,0.136,0.158,0.124,0.129,0.1599
6:40:09,0.201,0.137,0.179,0.151,0.119,0.334,0.14,0.162,0.127,0.133,0.1683
6:45:09,0.239,0.14,0.224,0.154,0.122,0.341,0.142,0.164,0.131,0.136,0.1793
6:50:09,0.24,0.146,0.224,0.162,0.126,0.363,0.146,0.169,0.135,0.141,0.1852
6:55:09,0.246,0.152,0.238,0.167,0.129,0.377,0.149,0.178,0.139,0.144,0.1919
7:00:09,0.264,0.157,0.257,0.175,0.132,0.382,0.153,0.269,0.14,0.146,0.2075
7:05:09,0.274,0.165,0.283,0.181,0.135,0.385,0.157,0.326,0.142,0.148,0.2196
7:10:09,0.284,0.179,0.339,0.188,0.138,0.385,0.161,0.274,0.146,0.153,0.2247
7:15:09,0.287,0.2,0.357,0.215,0.14,0.388,0.166,0.33,0.151,0.156,0.239
7:20:09,0.299,0.219,0.371,0.275,0.143,0.391,0.17,0.341,0.156,0.16,0.2525
7:25:09,0.324,0.229,0.37,0.331,0.146,0.392,0.176,0.34,0.159,0.163,0.263
7:30:09,0.354,0.261,0.363,0.372,0.15,0.393,0.237,0.356,0.164,0.168,0.2818
7:35:09,0.348,0.299,0.356,0.36,0.154,0.395,0.308,0.366,0.171,0.205,0.2962
7:40:09,0.369,0.373,0.354,0.367,0.159,0.396,0.313,0.375,0.192,0.251,0.3149
7:45:09,0.349,0.388,0.363,0.366,0.163,0.396,0.332,0.373,0.261,0.276,0.3267
7:50:09,0.371,0.384,0.373,0.383,0.167,0.397,0.348,0.374,0.283,0.29,0.337
7:55:09,0.364,0.382,0.38,0.39,0.171,0.397,0.322,0.377,0.33,0.315,0.3428
8:00:09,0.379,0.39,0.39,0.396,0.178,0.397,0.341,0.379,0.339,0.328,0.3517
8:05:09,0.384,0.388,0.389,0.4,0.244,0.398,0.354,0.38,0.325,0.332,0.3594
8:10:09,0.396,0.392,0.395,0.403,0.331,0.398,0.361,0.381,0.346,0.351,0.3754
8:15:09,0.4,0.394,0.397,0.403,0.308,0.399,0.365,0.382,0.356,0.352,0.3756
8:20:09,0.403,0.405,0.401,0.403,0.314,0.399,0.365,0.383,0.365,0.354,0.3792
8:25:09,0.403,0.4,0.401,0.401,0.356,0.4,0.367,0.384,0.366,0.357,0.3835
8:30:09,0.401,0.382,0.402,0.402,0.348,0.4,0.369,0.385,0.367,0.36,0.3816
8:35:09,0.4,0.376,0.402,0.402,0.344,0.4,0.371,0.386,0.368,0.36,0.3809
8:40:09,0.393,0.378,0.402,0.403,0.355,0.4,0.372,0.387,0.369,0.361,0.382
8:45:09,0.396,0.38,0.402,0.405,0.371,0.401,0.373,0.388,0.371,0.362,0.3849
8:50:09,0.397,0.386,0.404,0.406,0.366,0.401,0.375,0.389,0.372,0.364,0.386
8:55:09,0.399,0.38,0.407,0.409,0.368,0.401,0.375,0.389,0.373,0.364,0.3865
9:00:09,0.399,0.381,0.406,0.407,0.371,0.401,0.376,0.39,0.373,0.366,0.387
9:05:09,0.403,0.383,0.41,0.412,0.375,0.402,0.377,0.391,0.374,0.367,0.3894
9:10:09,0.402,0.383,0.408,0.41,0.377,0.403,0.377,0.391,0.374,0.367,0.3892
9:15:09,0.403,0.386,0.408,0.409,0.376,0.404,0.378,0.391,0.375,0.367,0.3897
9:20:09,0.403,0.386,0.409,0.409,0.376,0.404,0.379,0.392,0.375,0.367,0.39
9:25:09,0.401,0.384,0.409,0.409,0.377,0.405,0.379,0.392,0.375,0.368,0.3899
9:30:09,0.405,0.384,0.411,0.411,0.379,0.406,0.38,0.392,0.376,0.368,0.3912
9:35:09,0.397,0.382,0.405,0.41,0.379,0.406,0.379,0.392,0.376,0.368,0.3894
9:40:09,0.405,0.386,0.408,0.412,0.381,0.408,0.38,0.393,0.377,0.369,0.3919
9:45:09,0.403,0.386,0.41,0.412,0.381,0.409,0.38,0.393,0.378,0.37,0.3922
9:50:09,0.404,0.387,0.411,0.414,0.382,0.41,0.381,0.393,0.378,0.369,0.3929
9:55:09,0.403,0.386,0.407,0.41,0.382,0.411,0.381,0.394,0.378,0.368,0.392
10:00:09,0.401,0.387,0.41,0.412,0.383,0.412,0.381,0.394,0.378,0.369,0.3927
10:05:09,0.401,0.386,0.409,0.412,0.383,0.413,0.381,0.395,0.378,0.37,0.3928
10:10:09,0.402,0.384,0.41,0.412,0.384,0.414,0.381,0.395,0.379,0.369,0.393
10:15:09,0.403,0.384,0.408,0.409,0.383,0.414,0.382,0.395,0.38,0.371,0.3929
10:20:09,0.401,0.383,0.41,0.411,0.384,0.416,0.382,0.396,0.38,0.37,0.3933
10:25:09,0.4,0.384,0.411,0.414,0.384,0.417,0.383,0.397,0.38,0.369,0.3939
10:30:09,0.4,0.383,0.41,0.414,0.384,0.417,0.384,0.397,0.381,0.369,0.3939
10:35:09,0.4,0.382,0.412,0.414,0.385,0.418,0.384,0.397,0.382,0.37,0.3944
10:40:09,0.399,0.383,0.411,0.414,0.385,0.419,0.384,0.398,0.382,0.369,0.3944
10:45:09,0.4,0.384,0.411,0.414,0.385,0.421,0.385,0.399,0.383,0.37,0.3952
10:50:09,0.399,0.385,0.411,0.415,0.386,0.421,0.385,0.4,0.384,0.37,0.3956
10:55:09,0.398,0.385,0.412,0.415,0.386,0.423,0.385,0.4,0.384,0.37,0.3958
11:00:09,0.398,0.384,0.413,0.413,0.386,0.424,0.385,0.401,0.384,0.369,0.3957
11:05:09,0.397,0.384,0.412,0.413,0.386,0.425,0.386,0.403,0.385,0.37,0.3961
11:10:09,0.398,0.386,0.413,0.416,0.387,0.426,0.387,0.404,0.385,0.371,0.3973
11:15:09,0.4,0.388,0.415,0.418,0.387,0.427,0.387,0.404,0.386,0.373,0.3985
11:20:09,0.398,0.385,0.414,0.418,0.387,0.428,0.388,0.405,0.387,0.374,0.3984
11:25:09,0.399,0.386,0.415,0.417,0.387,0.43,0.389,0.406,0.387,0.374,0.399
11:30:09,0.398,0.388,0.414,0.414,0.388,0.43,0.39,0.407,0.388,0.375,0.3992
11:35:09,0.399,0.39,0.415,0.414,0.388,0.432,0.391,0.408,0.389,0.376,0.4002
11:40:09,0.401,0.391,0.416,0.415,0.389,0.434,0.392,0.41,0.39,0.377,0.4015
11:45:09,0.401,0.391,0.416,0.415,0.389,0.435,0.393,0.411,0.39,0.378,0.4019
11:50:09,0.403,0.39,0.418,0.416,0.389,0.436,0.394,0.412,0.391,0.379,0.4028
11:55:09,0.403,0.39,0.416,0.417,0.39,0.438,0.395,0.413,0.393,0.38,0.4035
12:00:09,0.405,0.392,0.42,0.42,0.391,0.439,0.396,0.414,0.394,0.382,0.4053
12:05:09,0.406,0.393,0.42,0.42,0.392,0.44,0.397,0.416,0.395,0.383,0.4062
12:10:09,0.407,0.396,0.419,0.422,0.393,0.442,0.398,0.417,0.396,0.384,0.4074
12:15:09,0.407,0.396,0.422,0.421,0.393,0.443,0.399,0.418,0.398,0.385,0.4082
12:20:09,0.41,0.396,0.421,0.422,0.394,0.445,0.401,0.419,0.398,0.386,0.4092
12:25:09,0.408,0.395,0.421,0.421,0.395,0.446,0.402,0.42,0.4,0.387,0.4095
12:30:09,0.408,0.396,0.419,0.421,0.396,0.447,0.403,0.422,0.402,0.388,0.4102
12:35:09,0.411,0.396,0.423,0.423,0.397,0.449,0.404,0.423,0.403,0.39,0.4119
12:40:09,0.411,0.397,0.425,0.423,0.398,0.451,0.406,0.425,0.404,0.391,0.4131
12:45:09,0.41,0.399,0.423,0.424,0.399,0.453,0.408,0.426,0.405,0.392,0.4139
12:50:09,0.413,0.4,0.427,0.424,0.401,0.454,0.409,0.427,0.407,0.394,0.4156
12:55:09,0.415,0.4,0.426,0.424,0.402,0.456,0.41,0.428,0.408,0.395,0.4164
13:00:09,0.414,0.403,0.426,0.425,0.403,0.457,0.412,0.43,0.409,0.397,0.4176
13:05:09,0.417,0.404,0.429,0.427,0.405,0.459,0.413,0.431,0.41,0.399,0.4194
13:10:09,0.417,0.405,0.428,0.428,0.406,0.46,0.415,0.433,0.412,0.401,0.4205
13:15:09,0.419,0.405,0.432,0.429,0.408,0.462,0.417,0.435,0.413,0.402,0.4222
13:20:09,0.422,0.408,0.433,0.43,0.409,0.463,0.418,0.436,0.414,0.402,0.4235
13:25:09,0.417,0.411,0.431,0.43,0.411,0.465,0.419,0.438,0.416,0.405,0.4243
13:30:09,0.421,0.411,0.434,0.43,0.412,0.466,0.421,0.439,0.417,0.406,0.4257
13:35:09,0.423,0.411,0.437,0.432,0.413,0.468,0.422,0.441,0.419,0.407,0.4273
13:40:09,0.426,0.41,0.438,0.433,0.415,0.47,0.424,0.442,0.421,0.408,0.4287
13:45:09,0.424,0.408,0.437,0.434,0.416,0.471,0.426,0.444,0.422,0.41,0.4292
13:50:09,0.427,0.409,0.441,0.435,0.417,0.472,0.427,0.445,0.423,0.411,0.4307
13:55:09,0.426,0.411,0.436,0.436,0.419,0.474,0.429,0.447,0.425,0.412,0.4315
14:00:09,0.429,0.412,0.435,0.437,0.421,0.475,0.43,0.449,0.426,0.413,0.4327
14:05:09,0.43,0.414,0.436,0.439,0.422,0.476,0.431,0.451,0.427,0.414,0.434
14:10:09,0.429,0.416,0.44,0.44,0.423,0.478,0.432,0.452,0.429,0.416,0.4355
14:15:09,0.43,0.418,0.445,0.441,0.424,0.479,0.433,0.454,0.43,0.417,0.4371
14:20:09,0.43,0.421,0.445,0.441,0.426,0.481,0.435,0.456,0.431,0.419,0.4385
14:25:09,0.43,0.423,0.446,0.443,0.428,0.481,0.436,0.457,0.432,0.42,0.4396
14:30:09,0.43,0.423,0.447,0.444,0.429,0.483,0.437,0.459,0.434,0.421,0.4407
14:35:09,0.43,0.423,0.448,0.446,0.431,0.485,0.439,0.46,0.435,0.422,0.4419
14:40:09,0.435,0.424,0.446,0.448,0.433,0.486,0.44,0.462,0.436,0.423,0.4433
14:45:09,0.434,0.426,0.449,0.448,0.434,0.487,0.442,0.463,0.438,0.424,0.4445
14:50:09,0.438,0.43,0.45,0.45,0.436,0.488,0.442,0.464,0.439,0.426,0.4463
14:55:09,0.438,0.431,0.452,0.451,0.437,0.489,0.444,0.466,0.44,0.427,0.4475
15:00:09,0.439,0.431,0.455,0.452,0.438,0.49,0.444,0.468,0.442,0.428,0.4487
15:05:09,0.441,0.429,0.457,0.453,0.44,0.491,0.446,0.469,0.442,0.43,0.4498
15:10:09,0.442,0.432,0.458,0.454,0.441,0.492,0.447,0.471,0.443,0.431,0.4511
15:15:09,0.444,0.436,0.46,0.455,0.442,0.494,0.45,0.472,0.445,0.433,0.4531
15:20:09,0.44,0.438,0.459,0.455,0.444,0.494,0.45,0.473,0.446,0.434,0.4533
15:25:09,0.445,0.442,0.46,0.456,0.445,0.496,0.452,0.475,0.447,0.436,0.4554
15:30:09,0.447,0.443,0.459,0.457,0.446,0.496,0.453,0.475,0.448,0.437,0.4561
15:35:09,0.446,0.448,0.458,0.458,0.449,0.497,0.454,0.477,0.449,0.438,0.4574
15:40:09,0.449,0.45,0.463,0.46,0.45,0.498,0.456,0.478,0.451,0.44,0.4595
15:45:09,0.449,0.449,0.466,0.461,0.451,0.499,0.457,0.479,0.452,0.441,0.4604
15:50:09,0.448,0.445,0.463,0.462,0.453,0.5,0.458,0.48,0.453,0.442,0.4604
15:55:09,0.449,0.444,0.463,0.462,0.455,0.501,0.46,0.481,0.454,0.444,0.4613
16:00:09,0.449,0.445,0.463,0.464,0.456,0.502,0.461,0.482,0.455,0.445,0.4622
16:05:09,0.451,0.447,0.464,0.464,0.458,0.503,0.462,0.484,0.456,0.447,0.4636
16:10:09,0.453,0.446,0.465,0.465,0.459,0.504,0.463,0.484,0.458,0.448,0.4645
16:15:09,0.457,0.448,0.467,0.466,0.46,0.505,0.465,0.485,0.459,0.45,0.4662
16:20:09,0.454,0.452,0.467,0.467,0.461,0.506,0.466,0.485,0.46,0.451,0.4669
16:25:09,0.456,0.456,0.47,0.468,0.462,0.507,0.467,0.487,0.461,0.453,0.4687
16:30:09,0.457,0.458,0.471,0.469,0.464,0.508,0.468,0.488,0.462,0.454,0.4699
16:35:09,0.457,0.456,0.469,0.47,0.465,0.509,0.469,0.489,0.464,0.456,0.4704
16:40:09,0.458,0.453,0.469,0.471,0.467,0.51,0.47,0.49,0.464,0.457,0.4709
16:45:09,0.46,0.451,0.471,0.473,0.468,0.511,0.471,0.491,0.465,0.458,0.4719
16:50:09,0.459,0.452,0.472,0.474,0.47,0.513,0.472,0.493,0.466,0.458,0.4729
16:55:09,0.459,0.452,0.472,0.475,0.471,0.514,0.473,0.494,0.466,0.459,0.4735
17:00:09,0.457,0.452,0.473,0.476,0.472,0.516,0.473,0.495,0.468,0.46,0.4742
17:05:09,0.46,0.454,0.476,0.478,0.472,0.517,0.474,0.496,0.469,0.461,0.4757
17:10:09,0.462,0.454,0.476,0.48,0.474,0.518,0.476,0.497,0.469,0.462,0.4768
17:15:09,0.463,0.454,0.477,0.483,0.475,0.52,0.477,0.499,0.471,0.463,0.4782
17:20:09,0.462,0.454,0.477,0.482,0.476,0.521,0.478,0.5,0.471,0.464,0.4785
17:25:09,0.465,0.458,0.479,0.485,0.476,0.523,0.479,0.501,0.473,0.466,0.4805
17:30:09,0.466,0.457,0.483,0.487,0.478,0.523,0.48,0.503,0.473,0.466,0.4816
17:35:09,0.469,0.458,0.485,0.487,0.479,0.525,0.481,0.504,0.475,0.468,0.4831
17:40:09,0.468,0.461,0.484,0.488,0.479,0.526,0.483,0.505,0.477,0.469,0.484
17:45:09,0.468,0.461,0.484,0.489,0.481,0.528,0.484,0.506,0.478,0.471,0.485
17:50:09,0.47,0.459,0.486,0.49,0.482,0.529,0.486,0.508,0.479,0.472,0.4861
17:55:09,0.47,0.458,0.487,0.491,0.484,0.529,0.487,0.509,0.481,0.474,0.487
18:00:09,0.469,0.464,0.488,0.492,0.485,0.531,0.488,0.51,0.482,0.475,0.4884
18:05:09,0.469,0.467,0.49,0.494,0.487,0.532,0.49,0.511,0.483,0.476,0.4899
18:10:09,0.471,0.47,0.492,0.496,0.487,0.533,0.491,0.512,0.484,0.477,0.4913
18:15:09,0.475,0.47,0.494,0.497,0.489,0.534,0.492,0.513,0.485,0.478,0.4927
18:20:09,0.477,0.469,0.496,0.499,0.49,0.536,0.493,0.514,0.486,0.479,0.4939
18:25:09,0.478,0.469,0.496,0.5,0.492,0.537,0.495,0.515,0.488,0.48,0.495
18:30:09,0.478,0.471,0.497,0.501,0.494,0.538,0.496,0.516,0.49,0.482,0.4963
18:35:09,0.479,0.475,0.498,0.501,0.496,0.54,0.498,0.518,0.491,0.484,0.498
18:40:09,0.479,0.478,0.499,0.502,0.497,0.54,0.499,0.518,0.493,0.485,0.499
18:45:09,0.479,0.48,0.499,0.502,0.497,0.54,0.5,0.519,0.494,0.486,0.4996
18:50:09,0.485,0.479,0.503,0.504,0.499,0.542,0.502,0.52,0.495,0.488,0.5017
18:55:09,0.486,0.479,0.504,0.506,0.501,0.543,0.504,0.521,0.497,0.49,0.5031
19:00:09,0.487,0.478,0.506,0.508,0.502,0.545,0.505,0.522,0.499,0.492,0.5044
19:05:09,0.49,0.481,0.508,0.509,0.504,0.546,0.507,0.523,0.5,0.492,0.506
19:10:09,0.49,0.483,0.508,0.509,0.505,0.548,0.508,0.524,0.5,0.494,0.5069
19:15:09,0.489,0.485,0.509,0.51,0.506,0.548,0.509,0.525,0.501,0.495,0.5077
19:20:09,0.489,0.487,0.511,0.512,0.507,0.549,0.51,0.526,0.503,0.496,0.509
19:25:09,0.491,0.489,0.513,0.514,0.509,0.55,0.511,0.527,0.504,0.497,0.5105
19:30:09,0.49,0.488,0.512,0.514,0.509,0.551,0.512,0.528,0.505,0.498,0.5107
19:35:09,0.491,0.489,0.514,0.515,0.511,0.552,0.514,0.528,0.507,0.499,0.512
19:40:09,0.493,0.491,0.514,0.515,0.512,0.554,0.515,0.53,0.508,0.501,0.5133
19:45:09,0.494,0.493,0.517,0.517,0.513,0.555,0.516,0.531,0.509,0.503,0.5148
19:50:09,0.496,0.492,0.519,0.518,0.514,0.556,0.517,0.532,0.51,0.504,0.5158
19:55:09,0.497,0.488,0.52,0.518,0.515,0.557,0.518,0.533,0.512,0.505,0.5163
20:00:09,0.498,0.488,0.521,0.519,0.516,0.558,0.52,0.534,0.513,0.506,0.5173
20:05:09,0.499,0.492,0.522,0.52,0.517,0.56,0.521,0.535,0.515,0.508,0.5189
20:10:09,0.501,0.493,0.523,0.522,0.518,0.56,0.521,0.536,0.516,0.509,0.5199
20:15:09,0.503,0.497,0.525,0.522,0.52,0.562,0.522,0.537,0.517,0.511,0.5216
20:20:09,0.503,0.499,0.524,0.522,0.521,0.563,0.524,0.538,0.518,0.512,0.5224
20:25:09,0.504,0.5,0.526,0.523,0.521,0.564,0.525,0.539,0.519,0.513,0.5234
20:30:09,0.505,0.5,0.525,0.524,0.523,0.565,0.527,0.54,0.52,0.514,0.5243
20:35:09,0.505,0.501,0.525,0.525,0.523,0.566,0.528,0.541,0.521,0.515,0.525
20:40:09,0.506,0.498,0.526,0.526,0.525,0.567,0.529,0.542,0.523,0.516,0.5258
20:45:09,0.508,0.499,0.527,0.526,0.527,0.568,0.53,0.543,0.523,0.518,0.5269
20:50:09,0.508,0.502,0.529,0.527,0.528,0.568,0.531,0.544,0.525,0.518,0.528
20:55:09,0.508,0.501,0.53,0.527,0.529,0.57,0.533,0.545,0.526,0.52,0.5289
21:00:09,0.509,0.502,0.532,0.527,0.53,0.571,0.534,0.546,0.527,0.521,0.5299
21:05:09,0.51,0.503,0.533,0.527,0.531,0.572,0.535,0.547,0.528,0.522,0.5308
21:10:09,0.511,0.503,0.534,0.527,0.533,0.573,0.536,0.548,0.529,0.523,0.5317
21:15:09,0.512,0.506,0.536,0.529,0.534,0.574,0.537,0.549,0.529,0.524,0.533
21:20:08,0.514,0.508,0.537,0.531,0.535,0.575,0.538,0.55,0.531,0.525,0.5344
21:25:09,0.516,0.51,0.539,0.532,0.536,0.576,0.539,0.551,0.533,0.526,0.5358
21:30:09,0.517,0.51,0.539,0.534,0.537,0.576,0.54,0.552,0.533,0.528,0.5366
21:35:09,0.519,0.513,0.539,0.534,0.538,0.577,0.541,0.553,0.534,0.529,0.5377
21:40:09,0.519,0.515,0.539,0.535,0.539,0.578,0.542,0.553,0.535,0.53,0.5385
21:45:09,0.52,0.517,0.54,0.536,0.54,0.579,0.543,0.554,0.536,0.531,0.5396
21:50:09,0.52,0.516,0.54,0.536,0.541,0.579,0.544,0.555,0.537,0.532,0.54
21:55:09,0.521,0.515,0.541,0.536,0.542,0.581,0.546,0.555,0.538,0.532,0.5407
22:00:09,0.521,0.517,0.542,0.536,0.544,0.582,0.547,0.556,0.539,0.534,0.5418
22:05:09,0.521,0.519,0.544,0.536,0.545,0.582,0.548,0.557,0.539,0.535,0.5426
22:10:09,0.523,0.521,0.545,0.537,0.546,0.583,0.549,0.559,0.541,0.536,0.544
22:15:09,0.523,0.522,0.546,0.536,0.547,0.584,0.549,0.559,0.542,0.536,0.5444
22:20:09,0.524,0.524,0.547,0.537,0.548,0.585,0.551,0.559,0.543,0.537,0.5455
22:25:09,0.524,0.524,0.548,0.538,0.55,0.586,0.551,0.56,0.544,0.538,0.5463
22:30:09,0.526,0.525,0.549,0.54,0.55,0.586,0.553,0.561,0.545,0.539,0.5474
22:35:09,0.526,0.527,0.55,0.541,0.551,0.587,0.554,0.561,0.545,0.54,0.5482
22:40:09,0.528,0.529,0.551,0.543,0.553,0.588,0.555,0.563,0.547,0.541,0.5498
22:45:09,0.53,0.53,0.552,0.545,0.554,0.589,0.556,0.564,0.548,0.542,0.551
22:50:09,0.531,0.53,0.551,0.545,0.554,0.59,0.556,0.564,0.549,0.542,0.5512
22:55:09,0.534,0.528,0.551,0.545,0.556,0.591,0.558,0.565,0.55,0.544,0.5522
23:00:09,0.535,0.525,0.553,0.545,0.557,0.592,0.559,0.566,0.55,0.544,0.5526
23:05:09,0.534,0.526,0.553,0.546,0.558,0.593,0.559,0.567,0.551,0.545,0.5532
23:10:09,0.534,0.527,0.555,0.548,0.559,0.593,0.56,0.568,0.552,0.547,0.5543
23:15:09,0.535,0.528,0.557,0.549,0.559,0.594,0.561,0.569,0.553,0.547,0.5552
23:20:09,0.536,0.529,0.557,0.55,0.56,0.595,0.562,0.57,0.554,0.549,0.5562
23:25:09,0.535,0.532,0.558,0.551,0.561,0.596,0.563,0.571,0.555,0.549,0.5571
23:30:09,0.534,0.535,0.558,0.551,0.562,0.596,0.564,0.572,0.556,0.551,0.5579
23:35:09,0.535,0.537,0.559,0.552,0.563,0.597,0.565,0.572,0.557,0.551,0.5588
23:40:09,0.537,0.536,0.559,0.552,0.564,0.598,0.566,0.573,0.557,0.552,0.5594
23:45:09,0.54,0.537,0.559,0.552,0.565,0.599,0.567,0.574,0.558,0.553,0.5604
23:50:09,0.542,0.537,0.561,0.552,0.566,0.6,0.567,0.575,0.559,0.554,0.5613
23:55:09,0.542,0.538,0.561,0.552,0.567,0.601,0.568,0.576,0.56,0.554,0.5619
24:00:09,0.543,0.54,0.563,0.554,0.568,0.602,0.569,0.577,0.561,0.555,0.5632
24:05:09,0.544,0.543,0.565,0.557,0.568,0.603,0.57,0.578,0.562,0.556,0.5646
24:10:09,0.547,0.545,0.566,0.56,0.569,0.603,0.572,0.579,0.563,0.556,0.566
24:15:09,0.547,0.548,0.567,0.561,0.57,0.604,0.572,0.58,0.563,0.558,0.567
24:20:09,0.549,0.548,0.568,0.561,0.571,0.605,0.573,0.58,0.564,0.559,0.5678
24:25:09,0.548,0.545,0.568,0.561,0.572,0.606,0.574,0.581,0.565,0.56,0.568
24:30:09,0.548,0.545,0.568,0.561,0.573,0.607,0.575,0.583,0.566,0.56,0.5686
24:35:09,0.55,0.548,0.57,0.562,0.574,0.608,0.576,0.583,0.566,0.562,0.5699
24:40:09,0.552,0.548,0.571,0.561,0.575,0.609,0.576,0.584,0.567,0.563,0.5706
24:45:09,0.554,0.549,0.571,0.561,0.576,0.61,0.578,0.585,0.567,0.563,0.5714
24:50:09,0.555,0.548,0.571,0.563,0.577,0.61,0.579,0.586,0.568,0.564,0.5721
24:55:09,0.555,0.548,0.573,0.565,0.578,0.611,0.58,0.587,0.569,0.565,0.5731
25:00:09,0.556,0.549,0.574,0.566,0.579,0.612,0.581,0.588,0.57,0.565,0.574
25:05:09,0.558,0.551,0.575,0.566,0.58,0.613,0.581,0.589,0.571,0.566,0.575
25:10:09,0.561,0.554,0.577,0.566,0.581,0.614,0.583,0.59,0.572,0.567,0.5765
25:15:08,0.562,0.557,0.578,0.568,0.581,0.615,0.583,0.59,0.572,0.568,0.5774
25:20:09,0.564,0.559,0.579,0.57,0.583,0.616,0.584,0.591,0.573,0.568,0.5787
25:25:09,0.564,0.559,0.58,0.57,0.584,0.617,0.585,0.592,0.574,0.569,0.5794
25:30:09,0.565,0.559,0.581,0.571,0.584,0.617,0.586,0.593,0.575,0.57,0.5801
25:35:09,0.565,0.559,0.58,0.571,0.585,0.619,0.586,0.594,0.575,0.57,0.5804
25:40:09,0.565,0.558,0.581,0.572,0.586,0.62,0.587,0.595,0.576,0.571,0.5811
25:45:09,0.566,0.56,0.582,0.573,0.587,0.621,0.588,0.595,0.577,0.572,0.5821
25:50:09,0.567,0.56,0.583,0.573,0.588,0.622,0.589,0.596,0.578,0.573,0.5829
25:55:09,0.568,0.563,0.585,0.574,0.589,0.623,0.59,0.598,0.579,0.574,0.5843
26:00:09,0.57,0.565,0.586,0.575,0.59,0.623,0.591,0.598,0.58,0.575,0.5853
26:05:09,0.57,0.566,0.586,0.576,0.591,0.624,0.592,0.599,0.58,0.577,0.5861
26:10:09,0.571,0.568,0.586,0.577,0.592,0.625,0.593,0.6,0.582,0.577,0.5871
26:15:09,0.572,0.57,0.586,0.577,0.593,0.626,0.594,0.601,0.583,0.578,0.588
26:20:09,0.574,0.573,0.587,0.577,0.594,0.628,0.595,0.602,0.583,0.579,0.5892
26:25:09,0.574,0.574,0.587,0.579,0.595,0.628,0.596,0.603,0.584,0.58,0.59
26:30:09,0.576,0.575,0.589,0.58,0.595,0.628,0.597,0.604,0.585,0.581,0.591
26:35:09,0.576,0.575,0.59,0.581,0.596,0.63,0.597,0.605,0.586,0.582,0.5918
26:40:09,0.578,0.574,0.592,0.583,0.597,0.631,0.598,0.605,0.587,0.583,0.5928
26:45:09,0.58,0.573,0.594,0.584,0.597,0.632,0.599,0.606,0.587,0.583,0.5935
26:50:09,0.581,0.573,0.595,0.584,0.598,0.633,0.6,0.607,0.588,0.584,0.5943
26:55:09,0.581,0.575,0.596,0.585,0.599,0.634,0.601,0.608,0.589,0.585,0.5953
27:00:09,0.584,0.578,0.599,0.586,0.6,0.635,0.602,0.609,0.59,0.586,0.5969
27:05:09,0.585,0.581,0.6,0.588,0.6,0.636,0.602,0.609,0.591,0.586,0.5978
27:10:09,0.586,0.583,0.6,0.588,0.601,0.637,0.603,0.61,0.592,0.587,0.5987
27:15:09,0.588,0.584,0.601,0.589,0.602,0.638,0.604,0.611,0.593,0.588,0.5998
27:20:09,0.59,0.585,0.602,0.589,0.604,0.639,0.605,0.612,0.594,0.589,0.6009
27:25:09,0.591,0.586,0.602,0.591,0.604,0.64,0.606,0.613,0.595,0.59,0.6018
27:30:09,0.592,0.588,0.603,0.592,0.605,0.641,0.607,0.614,0.595,0.59,0.6027
27:35:09,0.593,0.589,0.604,0.592,0.606,0.642,0.608,0.614,0.596,0.591,0.6035
27:40:09,0.593,0.589,0.605,0.593,0.607,0.643,0.608,0.615,0.596,0.592,0.6041
27:45:08,0.594,0.589,0.606,0.594,0.608,0.645,0.609,0.616,0.597,0.593,0.6051
27:50:09,0.595,0.589,0.606,0.595,0.608,0.646,0.61,0.617,0.598,0.594,0.6058
27:55:09,0.597,0.591,0.607,0.595,0.61,0.647,0.611,0.617,0.599,0.594,0.6068
28:00:09,0.598,0.593,0.608,0.595,0.611,0.648,0.612,0.618,0.6,0.595,0.6078
28:05:09,0.599,0.595,0.609,0.597,0.611,0.649,0.613,0.619,0.601,0.596,0.6089
28:10:09,0.601,0.597,0.61,0.598,0.612,0.65,0.613,0.62,0.602,0.597,0.61
28:15:09,0.601,0.598,0.611,0.599,0.613,0.651,0.615,0.621,0.603,0.598,0.611
28:20:09,0.602,0.599,0.613,0.6,0.614,0.652,0.615,0.621,0.603,0.599,0.6118
28:25:09,0.603,0.599,0.614,0.601,0.615,0.653,0.616,0.622,0.604,0.6,0.6127
28:30:09,0.603,0.6,0.615,0.602,0.615,0.654,0.617,0.623,0.605,0.601,0.6135
28:35:09,0.605,0.6,0.617,0.603,0.616,0.654,0.617,0.623,0.606,0.602,0.6143
28:40:09,0.606,0.601,0.617,0.605,0.617,0.656,0.619,0.625,0.606,0.602,0.6154
28:45:09,0.607,0.603,0.618,0.605,0.618,0.657,0.619,0.625,0.607,0.603,0.6162
28:50:09,0.608,0.604,0.619,0.606,0.619,0.657,0.62,0.626,0.608,0.604,0.6171
28:55:09,0.61,0.605,0.62,0.607,0.619,0.658,0.621,0.626,0.609,0.605,0.618
29:00:09,0.613,0.607,0.621,0.608,0.62,0.659,0.622,0.627,0.609,0.605,0.6191
29:05:09,0.614,0.608,0.621,0.608,0.621,0.66,0.622,0.628,0.61,0.606,0.6198
29:10:09,0.615,0.608,0.621,0.608,0.622,0.661,0.623,0.628,0.611,0.608,0.6205
29:15:09,0.616,0.608,0.623,0.61,0.623,0.661,0.624,0.629,0.612,0.608,0.6214
29:20:09,0.617,0.608,0.625,0.611,0.624,0.663,0.625,0.63,0.612,0.609,0.6224
29:25:09,0.618,0.609,0.626,0.612,0.625,0.663,0.626,0.632,0.613,0.61,0.6234
29:30:09,0.619,0.611,0.627,0.613,0.626,0.665,0.627,0.632,0.614,0.611,0.6245
29:35:09,0.62,0.613,0.628,0.614,0.626,0.665,0.628,0.633,0.615,0.612,0.6254
29:40:09,0.622,0.614,0.629,0.614,0.627,0.666,0.629,0.634,0.616,0.612,0.6263
29:45:09,0.623,0.616,0.63,0.615,0.628,0.667,0.63,0.634,0.617,0.614,0.6274
29:50:09,0.624,0.617,0.631,0.615,0.629,0.668,0.63,0.635,0.618,0.614,0.6281
29:55:09,0.626,0.618,0.633,0.617,0.63,0.669,0.631,0.636,0.619,0.616,0.6295
30:00:09,0.627,0.618,0.633,0.617,0.631,0.67,0.632,0.636,0.62,0.616,0.63
30:05:09,0.628,0.619,0.634,0.618,0.632,0.671,0.632,0.637,0.62,0.617,0.6308
30:10:09,0.629,0.62,0.636,0.619,0.632,0.672,0.633,0.638,0.621,0.617,0.6317
30:15:09,0.632,0.621,0.637,0.62,0.634,0.673,0.634,0.639,0.622,0.618,0.633
30:20:09,0.633,0.621,0.638,0.62,0.635,0.673,0.634,0.639,0.622,0.619,0.6334
30:25:09,0.635,0.622,0.64,0.621,0.635,0.675,0.635,0.64,0.624,0.62,0.6347
30:30:09,0.636,0.623,0.642,0.623,0.636,0.676,0.636,0.641,0.624,0.621,0.6358
30:35:09,0.637,0.624,0.643,0.624,0.636,0.676,0.637,0.641,0.625,0.622,0.6365
30:40:09,0.636,0.625,0.644,0.624,0.637,0.677,0.638,0.642,0.626,0.623,0.6372
30:45:09,0.638,0.626,0.645,0.625,0.639,0.678,0.639,0.643,0.627,0.624,0.6384
30:50:09,0.639,0.627,0.646,0.626,0.639,0.679,0.639,0.644,0.628,0.624,0.6391
30:55:09,0.639,0.628,0.646,0.626,0.64,0.68,0.64,0.645,0.629,0.625,0.6398
31:00:09,0.641,0.629,0.647,0.627,0.641,0.681,0.641,0.646,0.63,0.626,0.6409
31:05:09,0.642,0.63,0.649,0.628,0.642,0.682,0.642,0.647,0.631,0.628,0.6421
31:10:09,0.643,0.631,0.65,0.629,0.643,0.683,0.643,0.648,0.632,0.628,0.643
31:15:09,0.644,0.632,0.652,0.63,0.643,0.684,0.644,0.648,0.633,0.63,0.644
31:20:09,0.645,0.634,0.653,0.63,0.644,0.684,0.645,0.649,0.634,0.63,0.6448
31:25:09,0.646,0.635,0.654,0.631,0.645,0.685,0.646,0.65,0.635,0.631,0.6458
31:30:09,0.646,0.636,0.656,0.632,0.646,0.686,0.647,0.651,0.635,0.631,0.6466
31:35:09,0.647,0.636,0.658,0.633,0.647,0.686,0.647,0.651,0.636,0.632,0.6473
31:40:09,0.649,0.637,0.659,0.634,0.648,0.687,0.648,0.652,0.637,0.633,0.6484
31:45:08,0.65,0.638,0.659,0.635,0.649,0.688,0.648,0.653,0.637,0.634,0.6491
31:50:09,0.652,0.639,0.66,0.636,0.65,0.689,0.649,0.653,0.639,0.635,0.6502
31:55:09,0.653,0.639,0.661,0.637,0.65,0.69,0.651,0.654,0.639,0.636,0.651
32:00:09,0.655,0.64,0.662,0.638,0.652,0.692,0.651,0.655,0.64,0.637,0.6522
32:05:09,0.656,0.641,0.662,0.638,0.652,0.693,0.652,0.656,0.641,0.638,0.6529
32:10:09,0.657,0.642,0.664,0.64,0.653,0.693,0.653,0.658,0.642,0.639,0.6541
32:15:09,0.659,0.642,0.664,0.639,0.654,0.694,0.655,0.658,0.643,0.639,0.6547
32:20:09,0.659,0.643,0.665,0.641,0.655,0.694,0.655,0.659,0.644,0.64,0.6555
32:25:09,0.66,0.644,0.667,0.642,0.656,0.695,0.656,0.659,0.644,0.64,0.6563
32:30:09,0.66,0.644,0.667,0.642,0.657,0.695,0.657,0.66,0.645,0.641,0.6568
32:35:09,0.661,0.645,0.669,0.644,0.658,0.697,0.657,0.661,0.646,0.642,0.658
32:40:09,0.662,0.646,0.669,0.644,0.659,0.698,0.658,0.662,0.647,0.643,0.6588
32:45:09,0.663,0.647,0.67,0.645,0.659,0.699,0.659,0.663,0.647,0.644,0.6596
32:50:09,0.665,0.648,0.671,0.646,0.66,0.7,0.66,0.664,0.649,0.645,0.6608
32:55:09,0.666,0.648,0.672,0.646,0.661,0.701,0.661,0.665,0.65,0.646,0.6616
33:00:09,0.668,0.649,0.673,0.648,0.662,0.702,0.662,0.665,0.651,0.647,0.6627
33:05:09,0.669,0.651,0.675,0.648,0.664,0.703,0.663,0.666,0.651,0.647,0.6637
33:10:08,0.669,0.652,0.676,0.649,0.664,0.703,0.664,0.667,0.653,0.649,0.6646
33:15:09,0.67,0.652,0.676,0.649,0.664,0.704,0.665,0.668,0.653,0.65,0.6651
33:20:09,0.671,0.653,0.678,0.651,0.666,0.704,0.665,0.669,0.654,0.65,0.6661
33:25:09,0.673,0.655,0.68,0.652,0.667,0.705,0.666,0.669,0.655,0.651,0.6673
33:30:09,0.673,0.655,0.68,0.653,0.668,0.706,0.667,0.67,0.656,0.652,0.668
33:35:09,0.674,0.656,0.682,0.653,0.669,0.707,0.668,0.671,0.657,0.653,0.669
33:40:09,0.676,0.657,0.682,0.654,0.67,0.707,0.668,0.672,0.657,0.654,0.6697
33:45:09,0.677,0.659,0.684,0.654,0.671,0.708,0.669,0.673,0.658,0.656,0.6709
33:50:09,0.678,0.659,0.684,0.655,0.672,0.709,0.67,0.673,0.659,0.656,0.6715
33:55:09,0.679,0.66,0.685,0.656,0.673,0.71,0.671,0.675,0.66,0.657,0.6726
34:00:09,0.68,0.662,0.686,0.656,0.674,0.71,0.672,0.675,0.66,0.657,0.6732
34:05:09,0.681,0.663,0.687,0.657,0.676,0.711,0.673,0.676,0.661,0.659,0.6744
34:10:09,0.683,0.664,0.688,0.658,0.677,0.712,0.674,0.677,0.662,0.659,0.6754
34:15:09,0.684,0.665,0.689,0.66,0.678,0.713,0.675,0.679,0.663,0.661,0.6767
34:20:09,0.685,0.665,0.691,0.661,0.678,0.714,0.676,0.679,0.664,0.662,0.6775
34:25:09,0.687,0.666,0.692,0.661,0.679,0.714,0.676,0.681,0.665,0.663,0.6784
34:30:09,0.688,0.666,0.693,0.662,0.68,0.715,0.678,0.681,0.666,0.663,0.6792
34:35:09,0.688,0.667,0.694,0.663,0.681,0.715,0.679,0.681,0.667,0.664,0.6799
34:40:09,0.689,0.668,0.695,0.664,0.682,0.716,0.679,0.683,0.668,0.665,0.6809
34:45:09,0.691,0.67,0.697,0.665,0.683,0.718,0.68,0.683,0.668,0.666,0.6821
34:50:09,0.693,0.671,0.698,0.665,0.684,0.718,0.681,0.684,0.67,0.667,0.6831
34:55:09,0.694,0.671,0.698,0.666,0.685,0.718,0.682,0.686,0.67,0.667,0.6837
35:00:09,0.694,0.672,0.699,0.667,0.686,0.72,0.683,0.686,0.671,0.669,0.6847
35:05:09,0.696,0.673,0.7,0.668,0.687,0.721,0.684,0.687,0.673,0.67,0.6859
35:10:09,0.696,0.673,0.701,0.669,0.688,0.722,0.684,0.688,0.674,0.671,0.6866
35:15:09,0.698,0.675,0.702,0.669,0.689,0.722,0.685,0.688,0.674,0.672,0.6874
35:20:09,0.698,0.676,0.702,0.669,0.69,0.724,0.686,0.69,0.676,0.673,0.6884
35:25:09,0.699,0.676,0.703,0.671,0.692,0.725,0.687,0.69,0.676,0.673,0.6892
35:30:09,0.699,0.677,0.704,0.672,0.692,0.725,0.688,0.691,0.677,0.674,0.6899
35:35:09,0.701,0.679,0.705,0.673,0.693,0.726,0.689,0.691,0.678,0.674,0.6909
35:40:09,0.703,0.68,0.705,0.674,0.694,0.726,0.69,0.692,0.679,0.675,0.6918
35:45:09,0.703,0.681,0.707,0.674,0.696,0.727,0.69,0.693,0.679,0.677,0.6927
35:50:09,0.704,0.682,0.708,0.675,0.697,0.729,0.691,0.694,0.68,0.677,0.6937
35:55:09,0.706,0.682,0.709,0.676,0.697,0.729,0.692,0.695,0.681,0.678,0.6945
36:00:09,0.706,0.683,0.71,0.676,0.698,0.73,0.693,0.695,0.682,0.678,0.6951
36:05:09,0.708,0.684,0.711,0.678,0.699,0.73,0.694,0.696,0.683,0.681,0.6964
36:10:09,0.71,0.685,0.713,0.679,0.7,0.732,0.695,0.697,0.684,0.682,0.6977
36:15:09,0.71,0.686,0.713,0.679,0.7,0.732,0.696,0.697,0.685,0.683,0.6981
36:20:09,0.711,0.687,0.714,0.68,0.701,0.733,0.696,0.698,0.687,0.683,0.699
36:25:09,0.712,0.687,0.716,0.681,0.703,0.734,0.697,0.699,0.688,0.685,0.7002
36:30:09,0.713,0.688,0.717,0.681,0.703,0.734,0.698,0.7,0.688,0.686,0.7008
36:35:09,0.714,0.689,0.719,0.682,0.704,0.735,0.699,0.701,0.689,0.687,0.7019
36:40:09,0.714,0.69,0.719,0.683,0.705,0.736,0.7,0.702,0.69,0.688,0.7027
36:45:09,0.715,0.691,0.721,0.684,0.705,0.737,0.7,0.703,0.69,0.689,0.7035
36:50:09,0.717,0.691,0.721,0.684,0.707,0.738,0.701,0.703,0.691,0.69,0.7043
36:55:09,0.718,0.692,0.722,0.686,0.708,0.738,0.702,0.704,0.692,0.691,0.7053
37:00:09,0.719,0.693,0.723,0.686,0.709,0.738,0.702,0.704,0.693,0.692,0.7059
37:05:09,0.719,0.694,0.724,0.687,0.71,0.74,0.703,0.705,0.693,0.693,0.7068
37:10:09,0.721,0.695,0.726,0.689,0.71,0.74,0.704,0.705,0.695,0.694,0.7079
37:15:09,0.722,0.695,0.726,0.689,0.711,0.741,0.705,0.707,0.694,0.695,0.7085
37:20:09,0.722,0.696,0.725,0.689,0.712,0.742,0.705,0.707,0.695,0.695,0.7088
37:25:09,0.724,0.697,0.728,0.69,0.714,0.743,0.706,0.708,0.697,0.696,0.7103
37:30:09,0.725,0.698,0.728,0.691,0.715,0.743,0.707,0.709,0.697,0.696,0.7109
37:35:09,0.725,0.7,0.729,0.692,0.716,0.744,0.707,0.71,0.699,0.698,0.712
37:40:09,0.726,0.701,0.73,0.693,0.717,0.745,0.709,0.712,0.7,0.699,0.7132
37:45:09,0.727,0.701,0.732,0.693,0.718,0.745,0.708,0.712,0.701,0.7,0.7137
37:50:09,0.728,0.702,0.734,0.694,0.718,0.747,0.71,0.712,0.702,0.701,0.7148
37:55:09,0.728,0.703,0.734,0.696,0.719,0.747,0.71,0.712,0.702,0.702,0.7153
38:00:09,0.728,0.703,0.735,0.696,0.72,0.748,0.711,0.713,0.704,0.702,0.716
38:05:09,0.729,0.704,0.735,0.697,0.72,0.749,0.712,0.712,0.704,0.703,0.7165
38:10:09,0.731,0.705,0.736,0.699,0.721,0.749,0.713,0.714,0.705,0.705,0.7178
38:15:09,0.731,0.705,0.738,0.699,0.722,0.751,0.713,0.714,0.706,0.705,0.7184
38:20:09,0.733,0.706,0.738,0.701,0.722,0.751,0.714,0.715,0.707,0.706,0.7193
38:25:09,0.735,0.708,0.738,0.701,0.723,0.753,0.714,0.716,0.709,0.707,0.7204
38:30:09,0.736,0.709,0.739,0.702,0.724,0.753,0.715,0.716,0.709,0.707,0.721
38:35:09,0.736,0.71,0.74,0.702,0.725,0.754,0.716,0.717,0.711,0.708,0.7219
38:40:09,0.737,0.711,0.741,0.703,0.727,0.755,0.716,0.718,0.711,0.709,0.7228
38:45:09,0.738,0.711,0.741,0.704,0.727,0.756,0.717,0.719,0.712,0.71,0.7235
38:50:09,0.739,0.712,0.742,0.706,0.727,0.756,0.718,0.719,0.713,0.71,0.7242
38:55:09,0.74,0.713,0.744,0.706,0.729,0.757,0.719,0.72,0.713,0.711,0.7252
39:00:09,0.741,0.714,0.746,0.706,0.73,0.757,0.719,0.721,0.714,0.711,0.7259
39:05:09,0.742,0.715,0.746,0.707,0.731,0.758,0.72,0.721,0.715,0.712,0.7267
39:10:09,0.742,0.715,0.748,0.707,0.732,0.759,0.72,0.721,0.715,0.713,0.7272
39:15:09,0.743,0.716,0.748,0.708,0.734,0.759,0.722,0.722,0.716,0.715,0.7283
39:20:09,0.745,0.717,0.749,0.709,0.734,0.76,0.723,0.723,0.717,0.716,0.7293
39:25:09,0.747,0.718,0.749,0.709,0.735,0.761,0.723,0.723,0.718,0.716,0.7299
39:30:09,0.747,0.719,0.75,0.711,0.736,0.762,0.724,0.724,0.719,0.717,0.7309
39:35:09,0.749,0.72,0.75,0.711,0.737,0.762,0.725,0.725,0.72,0.718,0.7317
39:40:09,0.749,0.721,0.75,0.712,0.738,0.763,0.725,0.725,0.72,0.718,0.7321
39:45:09,0.75,0.722,0.752,0.714,0.739,0.764,0.725,0.726,0.722,0.719,0.7333
39:50:09,0.751,0.722,0.754,0.714,0.74,0.765,0.726,0.726,0.723,0.72,0.7341
39:55:09,0.75,0.723,0.754,0.715,0.74,0.765,0.727,0.727,0.724,0.721,0.7346
40:00:09,0.751,0.725,0.756,0.716,0.742,0.766,0.728,0.728,0.724,0.722,0.7358
40:05:09,0.753,0.725,0.757,0.717,0.742,0.768,0.728,0.728,0.725,0.722,0.7365
40:10:09,0.754,0.726,0.758,0.718,0.742,0.768,0.729,0.729,0.726,0.722,0.7372
40:15:09,0.755,0.727,0.759,0.718,0.744,0.769,0.73,0.73,0.727,0.723,0.7382
40:20:09,0.756,0.727,0.76,0.72,0.744,0.769,0.731,0.73,0.727,0.723,0.7387
40:25:09,0.758,0.728,0.762,0.719,0.745,0.77,0.731,0.731,0.728,0.725,0.7397
40:30:09,0.758,0.729,0.763,0.721,0.746,0.771,0.731,0.732,0.729,0.724,0.7404
40:35:09,0.76,0.73,0.764,0.722,0.747,0.772,0.732,0.733,0.73,0.725,0.7415
40:40:09,0.76,0.73,0.765,0.721,0.748,0.773,0.732,0.733,0.73,0.726,0.7418
40:45:09,0.761,0.732,0.766,0.722,0.749,0.774,0.733,0.734,0.73,0.727,0.7428
40:50:09,0.761,0.732,0.767,0.723,0.75,0.774,0.734,0.734,0.731,0.728,0.7434
40:55:09,0.761,0.733,0.766,0.723,0.75,0.775,0.734,0.734,0.732,0.728,0.7436
41:00:09,0.762,0.734,0.766,0.725,0.751,0.776,0.735,0.736,0.733,0.729,0.7447
41:05:08,0.763,0.735,0.769,0.725,0.752,0.777,0.735,0.736,0.733,0.73,0.7455
41:10:09,0.764,0.735,0.769,0.726,0.753,0.778,0.736,0.736,0.734,0.73,0.7461
41:15:09,0.765,0.736,0.77,0.726,0.754,0.779,0.737,0.737,0.735,0.731,0.747
41:20:09,0.765,0.737,0.771,0.728,0.754,0.779,0.738,0.738,0.735,0.731,0.7476
41:25:09,0.768,0.739,0.772,0.729,0.755,0.78,0.738,0.738,0.737,0.732,0.7488
41:30:09,0.767,0.739,0.772,0.728,0.756,0.78,0.739,0.739,0.737,0.733,0.749
41:35:09,0.768,0.739,0.773,0.73,0.756,0.78,0.739,0.739,0.738,0.734,0.7496
41:40:09,0.77,0.74,0.774,0.73,0.757,0.782,0.741,0.739,0.739,0.735,0.7507
41:45:09,0.772,0.741,0.775,0.731,0.758,0.782,0.741,0.741,0.74,0.735,0.7516
41:50:09,0.773,0.741,0.775,0.732,0.758,0.783,0.741,0.741,0.74,0.736,0.752
41:55:09,0.773,0.741,0.775,0.734,0.759,0.783,0.742,0.742,0.741,0.737,0.7527
42:00:09,0.775,0.742,0.775,0.735,0.759,0.783,0.743,0.742,0.742,0.738,0.7534
42:05:09,0.775,0.743,0.775,0.737,0.76,0.784,0.743,0.742,0.742,0.739,0.754
42:10:09,0.776,0.744,0.777,0.738,0.761,0.785,0.744,0.744,0.743,0.74,0.7552
42:15:09,0.775,0.745,0.779,0.737,0.761,0.785,0.745,0.744,0.744,0.741,0.7556
42:20:09,0.778,0.745,0.781,0.74,0.762,0.785,0.745,0.744,0.744,0.741,0.7565
42:25:09,0.778,0.746,0.783,0.74,0.764,0.787,0.746,0.744,0.745,0.742,0.7575
42:30:09,0.777,0.747,0.783,0.741,0.765,0.787,0.746,0.745,0.746,0.743,0.758
42:35:09,0.779,0.747,0.784,0.742,0.765,0.789,0.747,0.746,0.746,0.743,0.7588
42:40:09,0.781,0.747,0.784,0.743,0.766,0.79,0.748,0.747,0.747,0.744,0.7597
42:45:09,0.783,0.748,0.786,0.744,0.767,0.79,0.748,0.747,0.747,0.744,0.7604
42:50:09,0.783,0.749,0.785,0.743,0.767,0.79,0.749,0.748,0.748,0.744,0.7606
42:55:09,0.782,0.75,0.786,0.743,0.768,0.791,0.749,0.749,0.749,0.746,0.7613
43:00:09,0.782,0.75,0.787,0.744,0.768,0.79,0.749,0.749,0.749,0.747,0.7615
43:05:09,0.784,0.751,0.789,0.744,0.769,0.791,0.75,0.749,0.75,0.747,0.7624
43:10:09,0.783,0.752,0.79,0.744,0.771,0.792,0.75,0.75,0.75,0.747,0.7629
43:15:09,0.782,0.752,0.789,0.746,0.771,0.791,0.751,0.751,0.751,0.748,0.7632
43:20:09,0.785,0.752,0.79,0.748,0.772,0.791,0.752,0.752,0.751,0.748,0.7641
43:25:09,0.788,0.753,0.791,0.748,0.772,0.792,0.753,0.752,0.752,0.749,0.765
43:30:09,0.79,0.753,0.792,0.749,0.773,0.792,0.753,0.753,0.753,0.75,0.7658
43:35:09,0.791,0.753,0.793,0.75,0.774,0.792,0.754,0.753,0.754,0.751,0.7665
43:40:09,0.79,0.754,0.793,0.751,0.774,0.793,0.755,0.754,0.755,0.751,0.767
43:45:09,0.789,0.755,0.794,0.752,0.775,0.793,0.755,0.754,0.755,0.752,0.7674
43:50:09,0.791,0.756,0.795,0.753,0.776,0.793,0.755,0.755,0.756,0.753,0.7683
43:55:09,0.792,0.757,0.795,0.752,0.777,0.793,0.756,0.756,0.756,0.754,0.7688
44:00:09,0.792,0.759,0.797,0.753,0.777,0.795,0.757,0.757,0.757,0.754,0.7698
44:05:09,0.792,0.76,0.798,0.753,0.779,0.794,0.757,0.757,0.758,0.755,0.7703
44:10:09,0.793,0.761,0.798,0.754,0.779,0.794,0.758,0.758,0.758,0.755,0.7708
44:15:09,0.795,0.761,0.798,0.755,0.78,0.796,0.759,0.758,0.759,0.755,0.7716
44:20:09,0.799,0.762,0.8,0.755,0.78,0.796,0.759,0.759,0.759,0.756,0.7725
44:25:09,0.8,0.762,0.802,0.755,0.781,0.797,0.76,0.758,0.76,0.757,0.7732
44:30:09,0.799,0.762,0.803,0.755,0.781,0.797,0.76,0.76,0.761,0.757,0.7735
44:35:09,0.798,0.762,0.803,0.755,0.782,0.797,0.761,0.76,0.761,0.759,0.7738
44:40:09,0.799,0.762,0.804,0.756,0.783,0.798,0.761,0.761,0.762,0.759,0.7745
44:45:09,0.8,0.763,0.806,0.758,0.783,0.799,0.762,0.761,0.763,0.76,0.7755
44:50:09,0.802,0.764,0.807,0.76,0.784,0.798,0.762,0.762,0.763,0.76,0.7762
44:55:09,0.803,0.765,0.808,0.76,0.784,0.8,0.763,0.763,0.764,0.762,0.7772
45:00:09,0.804,0.766,0.807,0.763,0.785,0.801,0.764,0.764,0.764,0.763,0.7781
45:05:09,0.807,0.766,0.808,0.764,0.785,0.8,0.764,0.764,0.765,0.763,0.7786
45:10:09,0.807,0.766,0.81,0.765,0.786,0.803,0.765,0.765,0.766,0.764,0.7797
45:15:09,0.804,0.767,0.81,0.766,0.786,0.804,0.766,0.765,0.766,0.764,0.7798
45:20:09,0.804,0.766,0.812,0.766,0.787,0.804,0.767,0.766,0.766,0.764,0.7802
45:25:09,0.808,0.766,0.815,0.767,0.788,0.804,0.768,0.767,0.767,0.766,0.7816