Time,A7,B8,C1,C9,D10,E2,E11,F3,G4,H5,Mean
00:00:09,0.016,0.01,0.026,0.007,0.01,0.021,0.006,0.009,0.002,0.012,0.0119
00:05:09,0.004,0.009,0.012,0.012,0.007,0.014,0.008,0.007,0.005,0.015,0.0093
00:10:09,0.003,0.008,0.012,0.012,0.006,0.014,0.008,0.007,0.005,0.015,0.009
00:15:09,0.003,0.008,0.011,0.012,0.006,0.014,0.007,0.007,0.004,0.015,0.0087
00:20:09,0.004,0.007,0.011,0.011,0.006,0.014,0.008,0.007,0.004,0.016,0.0088
00:25:09,0.004,0.007,0.011,0.01,0.006,0.014,0.008,0.007,0.004,0.017,0.0088
00:30:09,0.005,0.007,0.011,0.01,0.006,0.014,0.008,0.007,0.004,0.018,0.009
00:35:09,0.005,0.007,0.012,0.01,0.006,0.014,0.008,0.007,0.004,0.017,0.009
00:40:09,0.005,0.007,0.012,0.011,0.006,0.014,0.008,0.007,0.004,0.017,0.0091
00:45:09,0.005,0.007,0.013,0.011,0.006,0.015,0.009,0.007,0.004,0.017,0.0094
00:50:09,0.004,0.008,0.013,0.012,0.007,0.015,0.009,0.007,0.004,0.017,0.0096
00:55:09,0.004,0.008,0.013,0.013,0.007,0.015,0.009,0.007,0.004,0.018,0.0098
01:00:09,0.005,0.01,0.014,0.013,0.008,0.016,0.01,0.007,0.005,0.018,0.0106
01:05:09,0.006,0.011,0.015,0.013,0.009,0.016,0.01,0.008,0.005,0.019,0.0112
01:10:09,0.007,0.012,0.016,0.014,0.01,0.017,0.011,0.008,0.005,0.019,0.0119
01:15:09,0.008,0.013,0.017,0.014,0.011,0.017,0.011,0.009,0.005,0.02,0.0125
01:20:09,0.009,0.013,0.018,0.016,0.012,0.018,0.011,0.009,0.006,0.02,0.0132
01:25:09,0.01,0.015,0.019,0.017,0.013,0.019,0.012,0.01,0.007,0.021,0.0143
01:30:09,0.01,0.016,0.02,0.019,0.013,0.02,0.012,0.011,0.007,0.021,0.0149
01:35:09,0.011,0.017,0.021,0.02,0.014,0.021,0.013,0.011,0.008,0.022,0.0158
01:40:09,0.012,0.019,0.023,0.021,0.015,0.021,0.013,0.012,0.009,0.023,0.0168
01:45:09,0.013,0.02,0.024,0.022,0.016,0.022,0.014,0.013,0.01,0.025,0.0179
01:50:09,0.014,0.021,0.025,0.023,0.017,0.022,0.015,0.013,0.011,0.026,0.0187
01:55:09,0.014,0.022,0.026,0.025,0.018,0.023,0.016,0.014,0.012,0.027,0.0197
02:00:09,0.015,0.023,0.027,0.027,0.019,0.024,0.017,0.015,0.013,0.028,0.0208
02:05:09,0.017,0.024,0.028,0.028,0.02,0.025,0.019,0.017,0.015,0.03,0.0223
02:10:09,0.018,0.024,0.03,0.028,0.022,0.026,0.021,0.018,0.016,0.031,0.0234
02:15:09,0.019,0.025,0.031,0.029,0.024,0.027,0.023,0.019,0.017,0.033,0.0247
02:20:09,0.02,0.027,0.032,0.031,0.025,0.028,0.025,0.02,0.019,0.033,0.026
02:25:09,0.021,0.029,0.034,0.032,0.027,0.029,0.027,0.021,0.02,0.034,0.0274
02:30:09,0.023,0.03,0.035,0.034,0.028,0.031,0.03,0.023,0.022,0.038,0.0294
02:35:09,0.024,0.031,0.036,0.036,0.029,0.031,0.033,0.025,0.025,0.041,0.0311
02:40:09,0.023,0.033,0.036,0.038,0.031,0.031,0.033,0.024,0.025,0.043,0.0317
02:45:09,0.023,0.035,0.038,0.04,0.033,0.033,0.031,0.025,0.025,0.045,0.0328
02:50:09,0.026,0.037,0.04,0.042,0.034,0.036,0.03,0.029,0.026,0.046,0.0346
02:55:09,0.028,0.038,0.042,0.043,0.036,0.038,0.03,0.032,0.028,0.048,0.0363
03:00:09,0.03,0.04,0.044,0.046,0.039,0.04,0.031,0.034,0.03,0.05,0.0384
03:05:09,0.032,0.041,0.045,0.047,0.04,0.042,0.032,0.036,0.032,0.052,0.0399
03:10:09,0.033,0.044,0.047,0.05,0.043,0.043,0.034,0.038,0.034,0.054,0.042
03:15:09,0.035,0.045,0.047,0.051,0.043,0.045,0.036,0.04,0.036,0.056,0.0434
03:20:09,0.038,0.048,0.049,0.054,0.046,0.047,0.04,0.042,0.038,0.058,0.046
03:25:09,0.041,0.049,0.05,0.056,0.047,0.049,0.042,0.044,0.04,0.06,0.0478
03:30:09,0.043,0.051,0.055,0.058,0.049,0.051,0.044,0.045,0.041,0.062,0.0499
03:35:09,0.045,0.054,0.056,0.061,0.051,0.052,0.047,0.047,0.043,0.064,0.052
03:40:09,0.046,0.055,0.056,0.062,0.053,0.054,0.048,0.049,0.045,0.066,0.0534
03:45:09,0.048,0.059,0.06,0.067,0.056,0.057,0.051,0.051,0.047,0.069,0.0565
03:50:09,0.051,0.06,0.061,0.068,0.057,0.059,0.053,0.053,0.048,0.071,0.0581
03:55:09,0.053,0.066,0.065,0.074,0.062,0.061,0.056,0.055,0.051,0.074,0.0617
04:00:09,0.055,0.068,0.067,0.076,0.063,0.063,0.058,0.058,0.053,0.076,0.0637
04:05:09,0.057,0.071,0.07,0.079,0.066,0.066,0.062,0.06,0.055,0.079,0.0665
04:10:09,0.06,0.075,0.074,0.083,0.07,0.068,0.064,0.063,0.058,0.083,0.0698
04:15:09,0.063,0.078,0.075,0.087,0.073,0.071,0.068,0.065,0.06,0.086,0.0726
04:20:09,0.066,0.083,0.079,0.091,0.076,0.073,0.07,0.069,0.062,0.09,0.0759
04:25:09,0.071,0.087,0.083,0.095,0.08,0.076,0.073,0.071,0.065,0.093,0.0794
04:30:09,0.074,0.091,0.085,0.101,0.083,0.079,0.077,0.075,0.068,0.098,0.0831
04:35:09,0.078,0.096,0.089,0.105,0.087,0.082,0.079,0.078,0.07,0.102,0.0866
04:40:09,0.08,0.102,0.093,0.112,0.092,0.086,0.083,0.081,0.073,0.107,0.0909
04:45:09,0.083,0.107,0.096,0.116,0.096,0.089,0.087,0.085,0.076,0.111,0.0946
04:50:09,0.088,0.113,0.1,0.124,0.101,0.093,0.091,0.089,0.08,0.116,0.0995
04:55:09,0.092,0.119,0.105,0.13,0.105,0.097,0.098,0.093,0.084,0.123,0.1046
05:00:09,0.096,0.124,0.108,0.136,0.111,0.1,0.101,0.097,0.087,0.127,0.1087
05:05:09,0.1,0.132,0.113,0.144,0.116,0.104,0.106,0.102,0.09,0.133,0.114
05:10:09,0.103,0.139,0.118,0.15,0.123,0.108,0.111,0.106,0.094,0.138,0.119
05:15:09,0.107,0.144,0.124,0.154,0.13,0.113,0.116,0.111,0.099,0.143,0.1241
05:20:09,0.111,0.15,0.13,0.158,0.136,0.118,0.122,0.116,0.103,0.148,0.1292
05:25:09,0.116,0.155,0.135,0.163,0.143,0.124,0.128,0.121,0.107,0.153,0.1345
05:30:09,0.12,0.16,0.142,0.169,0.148,0.129,0.134,0.126,0.112,0.158,0.1398
05:35:09,0.125,0.17,0.149,0.179,0.155,0.134,0.138,0.132,0.118,0.162,0.1462
05:40:09,0.13,0.179,0.154,0.188,0.159,0.139,0.143,0.137,0.123,0.168,0.152
05:45:09,0.134,0.189,0.161,0.204,0.163,0.145,0.148,0.142,0.128,0.175,0.1589
05:50:09,0.141,0.204,0.167,0.222,0.168,0.15,0.153,0.147,0.134,0.182,0.1668
05:55:09,0.154,0.23,0.176,0.257,0.175,0.155,0.158,0.152,0.139,0.19,0.1786
06:00:09,0.183,0.252,0.191,0.296,0.183,0.161,0.165,0.156,0.145,0.201,0.1933
06:05:09,0.202,0.284,0.235,0.329,0.193,0.166,0.172,0.161,0.151,0.216,0.2109
06:10:09,0.218,0.317,0.292,0.358,0.199,0.174,0.18,0.167,0.158,0.23,0.2293
06:15:09,0.211,0.349,0.333,0.389,0.209,0.182,0.188,0.174,0.165,0.242,0.2442
06:20:09,0.216,0.384,0.35,0.421,0.225,0.192,0.199,0.181,0.175,0.314,0.2657
06:25:09,0.221,0.429,0.379,0.485,0.26,0.203,0.209,0.189,0.184,0.381,0.294
06:30:09,0.23,0.445,0.412,0.47,0.296,0.216,0.217,0.2,0.198,0.396,0.308
06:35:09,0.25,0.464,0.435,0.46,0.33,0.228,0.275,0.212,0.213,0.394,0.3261
06:40:09,0.295,0.467,0.447,0.465,0.369,0.238,0.37,0.222,0.227,0.411,0.3511
06:45:09,0.361,0.481,0.421,0.475,0.435,0.261,0.372,0.23,0.235,0.409,0.368
06:50:09,0.423,0.459,0.482,0.46,0.425,0.351,0.395,0.308,0.286,0.417,0.4006
06:55:09,0.411,0.459,0.535,0.471,0.437,0.391,0.409,0.402,0.355,0.435,0.4305
07:00:09,0.423,0.462,0.534,0.472,0.435,0.37,0.428,0.404,0.406,0.435,0.4369
07:05:09,0.42,0.462,0.55,0.475,0.448,0.425,0.435,0.396,0.421,0.437,0.4469
07:10:09,0.425,0.463,0.54,0.468,0.442,0.423,0.436,0.401,0.418,0.436,0.4452
07:15:09,0.432,0.463,0.53,0.466,0.458,0.425,0.434,0.411,0.392,0.436,0.4447
07:20:09,0.442,0.463,0.497,0.463,0.451,0.433,0.434,0.421,0.416,0.436,0.4456
07:25:09,0.437,0.465,0.484,0.465,0.462,0.438,0.434,0.431,0.418,0.436,0.447
07:30:09,0.437,0.464,0.476,0.465,0.46,0.438,0.433,0.429,0.427,0.436,0.4465
07:35:09,0.434,0.461,0.459,0.462,0.463,0.438,0.433,0.428,0.426,0.434,0.4438
07:40:09,0.43,0.459,0.463,0.462,0.464,0.44,0.434,0.429,0.428,0.435,0.4444
07:45:09,0.427,0.458,0.464,0.462,0.462,0.439,0.432,0.427,0.428,0.435,0.4434
07:50:09,0.427,0.46,0.462,0.462,0.463,0.437,0.433,0.427,0.425,0.435,0.4431
07:55:09,0.425,0.459,0.459,0.461,0.462,0.437,0.432,0.427,0.426,0.435,0.4423
08:00:09,0.425,0.463,0.454,0.462,0.463,0.437,0.432,0.428,0.425,0.436,0.4425
08:05:09,0.425,0.462,0.453,0.462,0.463,0.438,0.433,0.429,0.424,0.437,0.4426
08:10:09,0.426,0.462,0.455,0.461,0.462,0.439,0.434,0.428,0.424,0.438,0.4429
08:15:09,0.425,0.461,0.455,0.462,0.461,0.439,0.435,0.428,0.424,0.439,0.4429
08:20:09,0.425,0.46,0.455,0.46,0.461,0.44,0.436,0.429,0.425,0.44,0.4431
08:25:09,0.426,0.46,0.455,0.459,0.461,0.442,0.437,0.429,0.424,0.44,0.4433
08:30:09,0.425,0.459,0.455,0.459,0.461,0.441,0.438,0.43,0.424,0.442,0.4434
08:35:09,0.426,0.459,0.455,0.457,0.46,0.442,0.441,0.431,0.425,0.443,0.4439
08:40:09,0.426,0.458,0.454,0.455,0.459,0.443,0.442,0.43,0.426,0.444,0.4437
08:45:09,0.427,0.458,0.455,0.455,0.459,0.444,0.443,0.431,0.427,0.445,0.4444
08:50:09,0.428,0.457,0.456,0.455,0.459,0.445,0.445,0.431,0.427,0.446,0.4449
08:55:09,0.429,0.459,0.457,0.457,0.46,0.446,0.446,0.432,0.428,0.447,0.4461
09:00:09,0.429,0.457,0.456,0.457,0.458,0.447,0.448,0.433,0.43,0.449,0.4464
09:05:09,0.43,0.456,0.456,0.458,0.459,0.449,0.45,0.433,0.43,0.45,0.4471
09:10:09,0.43,0.456,0.454,0.458,0.459,0.45,0.451,0.434,0.431,0.45,0.4473
09:15:09,0.431,0.457,0.454,0.458,0.46,0.452,0.453,0.436,0.433,0.453,0.4487
09:20:09,0.433,0.456,0.454,0.458,0.46,0.452,0.455,0.436,0.434,0.454,0.4492
09:25:09,0.434,0.453,0.454,0.458,0.46,0.454,0.457,0.438,0.435,0.455,0.4498
09:30:09,0.436,0.455,0.454,0.459,0.462,0.456,0.459,0.438,0.436,0.457,0.4512
09:35:09,0.43,0.451,0.453,0.456,0.46,0.456,0.459,0.439,0.437,0.458,0.4499
09:40:09,0.439,0.457,0.456,0.459,0.462,0.458,0.462,0.442,0.439,0.46,0.4534
09:45:09,0.44,0.459,0.456,0.459,0.462,0.46,0.465,0.443,0.44,0.462,0.4546
09:50:09,0.441,0.458,0.456,0.461,0.464,0.462,0.467,0.444,0.441,0.464,0.4558
09:55:09,0.443,0.46,0.456,0.46,0.462,0.463,0.469,0.445,0.442,0.465,0.4565
10:00:09,0.444,0.459,0.456,0.46,0.462,0.465,0.471,0.447,0.444,0.466,0.4574
10:05:09,0.445,0.46,0.456,0.46,0.463,0.466,0.472,0.449,0.444,0.467,0.4582
10:10:09,0.447,0.462,0.456,0.462,0.464,0.467,0.474,0.45,0.445,0.468,0.4595
10:15:09,0.448,0.463,0.457,0.465,0.466,0.469,0.476,0.452,0.446,0.47,0.4612
10:20:09,0.45,0.464,0.457,0.464,0.466,0.47,0.478,0.453,0.447,0.472,0.4621
10:25:09,0.451,0.466,0.458,0.467,0.468,0.471,0.48,0.455,0.448,0.474,0.4638
10:30:09,0.453,0.468,0.46,0.468,0.469,0.473,0.482,0.457,0.45,0.475,0.4655
10:35:09,0.455,0.468,0.461,0.47,0.471,0.475,0.483,0.458,0.451,0.476,0.4668
10:40:09,0.456,0.469,0.462,0.472,0.472,0.476,0.485,0.46,0.451,0.478,0.4681
10:45:09,0.458,0.471,0.463,0.473,0.473,0.478,0.487,0.462,0.453,0.479,0.4697
10:50:09,0.459,0.473,0.464,0.474,0.475,0.479,0.489,0.465,0.454,0.48,0.4712
10:55:09,0.46,0.473,0.466,0.475,0.476,0.482,0.49,0.466,0.456,0.482,0.4726
11:00:09,0.462,0.474,0.467,0.477,0.478,0.483,0.493,0.468,0.457,0.484,0.4743
11:05:09,0.463,0.475,0.467,0.479,0.479,0.485,0.495,0.471,0.458,0.485,0.4757
11:10:09,0.464,0.477,0.468,0.48,0.481,0.486,0.496,0.472,0.46,0.487,0.4771
11:15:09,0.466,0.48,0.469,0.482,0.483,0.489,0.498,0.475,0.461,0.489,0.4792
11:20:09,0.468,0.481,0.47,0.482,0.483,0.49,0.499,0.476,0.462,0.49,0.4801
11:25:09,0.47,0.484,0.471,0.484,0.485,0.492,0.501,0.478,0.464,0.491,0.482
11:30:09,0.472,0.486,0.472,0.485,0.486,0.494,0.503,0.48,0.466,0.493,0.4837
11:35:09,0.474,0.487,0.475,0.487,0.488,0.495,0.505,0.482,0.468,0.494,0.4855
11:40:09,0.476,0.489,0.476,0.489,0.49,0.497,0.506,0.484,0.469,0.496,0.4872
11:45:09,0.477,0.491,0.478,0.49,0.491,0.498,0.507,0.485,0.471,0.497,0.4885
11:50:09,0.478,0.493,0.48,0.492,0.493,0.499,0.509,0.487,0.472,0.498,0.4901
11:55:09,0.48,0.493,0.482,0.493,0.493,0.501,0.51,0.489,0.474,0.5,0.4915
12:00:09,0.482,0.496,0.484,0.495,0.495,0.502,0.511,0.49,0.475,0.502,0.4932
12:05:09,0.483,0.497,0.486,0.496,0.496,0.504,0.513,0.491,0.477,0.503,0.4946
12:10:09,0.484,0.499,0.489,0.498,0.498,0.505,0.515,0.492,0.479,0.504,0.4963
12:15:09,0.486,0.499,0.49,0.499,0.499,0.506,0.517,0.494,0.48,0.506,0.4976
12:20:09,0.488,0.502,0.491,0.501,0.5,0.507,0.517,0.496,0.481,0.508,0.4991
12:25:09,0.49,0.503,0.491,0.502,0.501,0.509,0.519,0.497,0.483,0.51,0.5005
12:30:09,0.491,0.504,0.492,0.503,0.503,0.51,0.52,0.499,0.484,0.512,0.5018
12:35:09,0.493,0.506,0.494,0.506,0.504,0.511,0.522,0.5,0.485,0.513,0.5034
12:40:09,0.496,0.508,0.496,0.509,0.505,0.513,0.524,0.501,0.487,0.515,0.5054
12:45:09,0.498,0.509,0.497,0.511,0.506,0.515,0.525,0.502,0.488,0.517,0.5068
12:50:09,0.5,0.513,0.498,0.514,0.508,0.517,0.528,0.504,0.49,0.518,0.509
12:55:09,0.502,0.516,0.498,0.516,0.51,0.519,0.53,0.505,0.491,0.52,0.5107
13:00:09,0.504,0.52,0.5,0.518,0.512,0.521,0.532,0.507,0.492,0.521,0.5127
13:05:09,0.505,0.524,0.503,0.52,0.514,0.523,0.534,0.51,0.494,0.523,0.515
13:10:09,0.507,0.527,0.504,0.522,0.517,0.525,0.536,0.511,0.496,0.524,0.5169
13:15:09,0.509,0.529,0.505,0.525,0.52,0.526,0.537,0.514,0.497,0.525,0.5187
13:20:09,0.51,0.531,0.509,0.526,0.523,0.528,0.539,0.514,0.499,0.526,0.5205
13:25:09,0.511,0.533,0.508,0.528,0.525,0.529,0.541,0.515,0.5,0.527,0.5217
13:30:09,0.512,0.533,0.512,0.529,0.526,0.53,0.542,0.516,0.501,0.528,0.5229
13:35:09,0.513,0.536,0.517,0.531,0.529,0.531,0.543,0.517,0.503,0.529,0.5249
13:40:09,0.514,0.537,0.519,0.532,0.531,0.532,0.544,0.518,0.504,0.53,0.5261
13:45:09,0.516,0.538,0.519,0.533,0.533,0.533,0.545,0.52,0.506,0.531,0.5274
13:50:09,0.517,0.54,0.521,0.535,0.534,0.534,0.546,0.521,0.506,0.532,0.5286
13:55:09,0.518,0.541,0.523,0.536,0.536,0.535,0.548,0.522,0.508,0.533,0.53
14:00:09,0.519,0.541,0.525,0.537,0.536,0.536,0.549,0.523,0.509,0.535,0.531
14:05:09,0.52,0.544,0.525,0.538,0.538,0.537,0.549,0.523,0.51,0.534,0.5318
14:10:09,0.521,0.543,0.527,0.539,0.539,0.538,0.55,0.524,0.511,0.535,0.5327
14:15:09,0.521,0.545,0.527,0.54,0.54,0.539,0.551,0.525,0.512,0.536,0.5336
14:20:09,0.523,0.546,0.529,0.541,0.541,0.539,0.552,0.525,0.513,0.537,0.5346
14:25:09,0.524,0.546,0.529,0.542,0.542,0.539,0.552,0.527,0.514,0.537,0.5352
14:30:09,0.525,0.547,0.53,0.543,0.542,0.541,0.554,0.528,0.515,0.539,0.5364
14:35:09,0.526,0.549,0.531,0.544,0.544,0.542,0.554,0.528,0.516,0.54,0.5374
14:40:09,0.528,0.551,0.531,0.545,0.545,0.543,0.555,0.529,0.516,0.54,0.5383
14:45:09,0.528,0.551,0.533,0.547,0.546,0.543,0.555,0.531,0.517,0.541,0.5392
14:50:09,0.529,0.552,0.534,0.548,0.548,0.544,0.556,0.531,0.518,0.541,0.5401
14:55:09,0.53,0.553,0.536,0.549,0.548,0.545,0.557,0.531,0.519,0.543,0.5411
15:00:09,0.531,0.554,0.535,0.55,0.549,0.546,0.557,0.531,0.52,0.543,0.5416
15:05:09,0.532,0.556,0.536,0.551,0.549,0.547,0.558,0.532,0.521,0.544,0.5426
15:10:09,0.533,0.556,0.537,0.552,0.551,0.548,0.559,0.533,0.522,0.545,0.5436
15:15:09,0.534,0.557,0.539,0.553,0.551,0.548,0.56,0.534,0.523,0.545,0.5444
15:20:09,0.535,0.557,0.539,0.554,0.552,0.549,0.56,0.535,0.524,0.546,0.5451
15:25:09,0.537,0.557,0.541,0.555,0.553,0.55,0.561,0.536,0.524,0.547,0.5461
15:30:09,0.537,0.559,0.541,0.556,0.554,0.55,0.562,0.538,0.525,0.548,0.547
15:35:09,0.539,0.56,0.54,0.557,0.555,0.551,0.562,0.538,0.526,0.548,0.5476
15:40:09,0.54,0.56,0.541,0.557,0.556,0.553,0.563,0.539,0.528,0.55,0.5487
15:45:09,0.541,0.561,0.542,0.558,0.556,0.554,0.564,0.539,0.528,0.55,0.5493
15:50:09,0.541,0.562,0.542,0.56,0.557,0.554,0.564,0.54,0.529,0.552,0.5501
15:55:09,0.542,0.563,0.541,0.56,0.558,0.555,0.565,0.54,0.53,0.553,0.5507
16:00:09,0.543,0.564,0.543,0.562,0.559,0.556,0.566,0.541,0.531,0.554,0.5519
16:05:09,0.545,0.565,0.544,0.564,0.559,0.557,0.567,0.542,0.532,0.556,0.5531
16:10:09,0.546,0.565,0.545,0.565,0.561,0.557,0.567,0.544,0.533,0.556,0.5539
16:15:09,0.547,0.566,0.546,0.566,0.561,0.558,0.568,0.545,0.534,0.557,0.5548
16:20:09,0.548,0.567,0.544,0.567,0.563,0.559,0.568,0.546,0.535,0.558,0.5555
16:25:09,0.548,0.568,0.545,0.568,0.563,0.56,0.569,0.548,0.536,0.559,0.5564
16:30:09,0.549,0.569,0.547,0.57,0.564,0.561,0.569,0.549,0.536,0.559,0.5573
16:35:09,0.55,0.57,0.549,0.571,0.565,0.562,0.571,0.55,0.538,0.561,0.5587
16:40:09,0.551,0.57,0.552,0.572,0.566,0.563,0.571,0.55,0.539,0.561,0.5595
16:45:09,0.552,0.572,0.553,0.574,0.567,0.563,0.572,0.551,0.539,0.563,0.5606
16:50:09,0.553,0.573,0.552,0.576,0.568,0.564,0.573,0.552,0.54,0.564,0.5615
16:55:09,0.554,0.574,0.551,0.576,0.569,0.565,0.574,0.552,0.541,0.565,0.5621
17:00:09,0.555,0.575,0.552,0.578,0.57,0.566,0.574,0.554,0.543,0.566,0.5633
17:05:09,0.555,0.576,0.555,0.578,0.571,0.566,0.575,0.555,0.544,0.566,0.5641
17:10:09,0.557,0.576,0.559,0.581,0.57,0.567,0.576,0.556,0.545,0.567,0.5654
17:15:09,0.558,0.578,0.562,0.582,0.571,0.568,0.577,0.557,0.546,0.568,0.5667
17:20:09,0.558,0.578,0.565,0.582,0.571,0.569,0.578,0.558,0.547,0.57,0.5676
17:25:09,0.559,0.58,0.567,0.583,0.573,0.57,0.579,0.559,0.548,0.57,0.5688
17:30:09,0.56,0.581,0.569,0.585,0.574,0.571,0.579,0.56,0.549,0.571,0.5699
17:35:09,0.561,0.582,0.57,0.586,0.575,0.571,0.58,0.561,0.549,0.572,0.5707
17:40:09,0.562,0.583,0.571,0.587,0.576,0.573,0.581,0.562,0.551,0.573,0.5719
17:45:09,0.563,0.583,0.572,0.588,0.577,0.574,0.582,0.563,0.552,0.573,0.5727
17:50:09,0.564,0.584,0.574,0.588,0.578,0.575,0.582,0.564,0.553,0.574,0.5736
17:55:09,0.565,0.585,0.576,0.589,0.579,0.576,0.583,0.565,0.554,0.575,0.5747
18:00:09,0.566,0.587,0.579,0.59,0.58,0.577,0.584,0.566,0.555,0.576,0.576
18:05:09,0.567,0.588,0.582,0.592,0.582,0.578,0.585,0.567,0.556,0.577,0.5774
18:10:09,0.569,0.59,0.584,0.593,0.583,0.579,0.586,0.568,0.558,0.577,0.5787
18:15:09,0.569,0.591,0.584,0.593,0.584,0.58,0.587,0.568,0.559,0.578,0.5793
18:20:09,0.57,0.592,0.586,0.594,0.586,0.58,0.587,0.569,0.56,0.579,0.5803
18:25:09,0.571,0.592,0.586,0.594,0.587,0.581,0.588,0.57,0.561,0.58,0.581
18:30:09,0.573,0.593,0.588,0.594,0.588,0.583,0.589,0.571,0.562,0.581,0.5822
18:35:09,0.573,0.594,0.589,0.595,0.589,0.584,0.59,0.572,0.563,0.582,0.5831
18:40:09,0.573,0.595,0.591,0.596,0.591,0.585,0.591,0.573,0.564,0.582,0.5841
18:45:09,0.568,0.593,0.591,0.595,0.589,0.585,0.591,0.573,0.565,0.583,0.5833
18:50:09,0.576,0.597,0.594,0.598,0.592,0.587,0.592,0.575,0.566,0.585,0.5862
18:55:09,0.577,0.598,0.596,0.599,0.593,0.587,0.593,0.576,0.567,0.585,0.5871
19:00:09,0.578,0.599,0.597,0.6,0.595,0.588,0.594,0.577,0.568,0.587,0.5883
19:05:09,0.579,0.601,0.598,0.6,0.596,0.589,0.595,0.579,0.569,0.588,0.5894
19:10:09,0.579,0.601,0.599,0.601,0.597,0.59,0.595,0.579,0.57,0.588,0.5899
19:15:09,0.58,0.602,0.6,0.602,0.597,0.59,0.597,0.58,0.571,0.589,0.5908
19:20:09,0.581,0.603,0.602,0.601,0.598,0.591,0.598,0.581,0.572,0.59,0.5917
19:25:09,0.582,0.603,0.603,0.602,0.599,0.592,0.599,0.582,0.573,0.591,0.5926
19:30:09,0.582,0.603,0.605,0.602,0.6,0.593,0.6,0.583,0.574,0.592,0.5934
19:35:09,0.583,0.603,0.607,0.602,0.602,0.593,0.601,0.585,0.575,0.593,0.5944
19:40:09,0.584,0.604,0.607,0.602,0.603,0.595,0.601,0.585,0.576,0.593,0.595
19:45:09,0.585,0.605,0.609,0.603,0.604,0.595,0.603,0.587,0.577,0.594,0.5962
19:50:09,0.586,0.606,0.61,0.603,0.606,0.597,0.604,0.588,0.578,0.595,0.5973
19:55:09,0.586,0.607,0.611,0.604,0.607,0.598,0.605,0.589,0.579,0.596,0.5982
20:00:09,0.587,0.608,0.611,0.604,0.608,0.599,0.605,0.591,0.58,0.597,0.599
20:05:09,0.588,0.61,0.613,0.605,0.609,0.6,0.606,0.592,0.581,0.598,0.6002
20:10:09,0.589,0.61,0.615,0.606,0.61,0.6,0.608,0.593,0.582,0.599,0.6012
20:15:09,0.59,0.611,0.615,0.606,0.611,0.602,0.608,0.594,0.584,0.6,0.6021
20:20:09,0.59,0.611,0.616,0.607,0.612,0.602,0.609,0.595,0.584,0.601,0.6027
20:25:09,0.591,0.613,0.617,0.607,0.613,0.603,0.61,0.596,0.585,0.602,0.6037
20:30:09,0.592,0.614,0.617,0.608,0.614,0.604,0.611,0.598,0.587,0.602,0.6047
20:35:09,0.591,0.614,0.618,0.608,0.615,0.605,0.612,0.599,0.588,0.603,0.6053
20:40:09,0.592,0.615,0.62,0.609,0.616,0.606,0.614,0.6,0.589,0.604,0.6065
20:45:09,0.593,0.616,0.621,0.609,0.617,0.607,0.614,0.601,0.59,0.606,0.6074
20:50:09,0.594,0.617,0.621,0.609,0.618,0.608,0.615,0.602,0.591,0.606,0.6081
20:55:09,0.595,0.618,0.622,0.61,0.619,0.609,0.616,0.603,0.592,0.607,0.6091
21:00:09,0.596,0.619,0.622,0.611,0.621,0.61,0.617,0.603,0.592,0.608,0.6099
21:05:09,0.597,0.619,0.623,0.611,0.621,0.611,0.617,0.604,0.594,0.609,0.6106
21:10:09,0.597,0.621,0.624,0.612,0.623,0.612,0.619,0.605,0.595,0.61,0.6118
21:15:09,0.598,0.621,0.624,0.612,0.624,0.613,0.619,0.606,0.596,0.611,0.6124
21:20:08,0.599,0.623,0.625,0.612,0.623,0.614,0.621,0.606,0.597,0.611,0.6131
21:25:09,0.6,0.624,0.625,0.613,0.624,0.615,0.622,0.608,0.598,0.613,0.6142
21:30:09,0.6,0.625,0.626,0.613,0.625,0.616,0.623,0.608,0.599,0.613,0.6148
21:35:09,0.601,0.626,0.627,0.612,0.626,0.617,0.623,0.609,0.6,0.615,0.6156
21:40:09,0.601,0.626,0.628,0.611,0.627,0.618,0.624,0.61,0.601,0.615,0.6161
21:45:09,0.602,0.627,0.628,0.611,0.629,0.619,0.625,0.611,0.602,0.616,0.617
21:50:09,0.603,0.627,0.629,0.611,0.629,0.619,0.625,0.611,0.603,0.617,0.6174
21:55:09,0.604,0.628,0.629,0.611,0.631,0.621,0.626,0.612,0.604,0.618,0.6184
22:00:09,0.606,0.629,0.629,0.612,0.63,0.621,0.627,0.613,0.605,0.619,0.6191
22:05:09,0.605,0.63,0.629,0.612,0.633,0.622,0.628,0.614,0.606,0.62,0.6199
22:10:09,0.606,0.63,0.629,0.612,0.632,0.623,0.629,0.614,0.607,0.621,0.6203
22:15:09,0.607,0.631,0.63,0.611,0.632,0.624,0.63,0.615,0.607,0.621,0.6208
22:20:09,0.607,0.632,0.631,0.611,0.633,0.625,0.631,0.616,0.609,0.622,0.6217
22:25:09,0.608,0.633,0.631,0.612,0.633,0.626,0.631,0.617,0.61,0.623,0.6224
22:30:09,0.61,0.634,0.631,0.613,0.633,0.627,0.632,0.618,0.611,0.624,0.6233
22:35:09,0.61,0.635,0.632,0.613,0.635,0.628,0.633,0.619,0.611,0.625,0.6241
22:40:09,0.612,0.635,0.632,0.614,0.635,0.629,0.634,0.62,0.612,0.626,0.6249
22:45:09,0.613,0.636,0.632,0.613,0.636,0.63,0.635,0.62,0.613,0.626,0.6254
22:50:09,0.613,0.636,0.632,0.614,0.637,0.631,0.636,0.621,0.614,0.627,0.6261
22:55:09,0.615,0.637,0.632,0.615,0.637,0.632,0.637,0.622,0.615,0.628,0.627
23:00:09,0.616,0.638,0.632,0.615,0.637,0.633,0.638,0.623,0.616,0.629,0.6277
23:05:09,0.617,0.638,0.632,0.617,0.638,0.634,0.639,0.623,0.617,0.63,0.6285
23:10:09,0.618,0.638,0.632,0.617,0.639,0.634,0.64,0.624,0.618,0.631,0.6291
23:15:09,0.619,0.639,0.632,0.617,0.64,0.635,0.64,0.625,0.619,0.631,0.6297
23:20:09,0.621,0.639,0.631,0.618,0.64,0.636,0.641,0.625,0.62,0.632,0.6303
23:25:09,0.621,0.639,0.631,0.618,0.64,0.637,0.642,0.626,0.62,0.633,0.6307
23:30:09,0.622,0.639,0.633,0.619,0.641,0.637,0.643,0.626,0.622,0.634,0.6316
23:35:09,0.622,0.639,0.634,0.62,0.642,0.638,0.643,0.628,0.622,0.634,0.6322
23:40:09,0.623,0.639,0.634,0.621,0.642,0.639,0.644,0.628,0.624,0.636,0.633
23:45:09,0.623,0.64,0.634,0.622,0.643,0.64,0.645,0.628,0.624,0.636,0.6335
23:50:09,0.623,0.64,0.634,0.623,0.644,0.641,0.647,0.629,0.625,0.637,0.6343
23:55:09,0.623,0.639,0.634,0.625,0.645,0.641,0.647,0.63,0.626,0.638,0.6348
24:00:09,0.624,0.639,0.635,0.626,0.646,0.643,0.648,0.63,0.626,0.638,0.6355
24:05:09,0.624,0.638,0.636,0.627,0.648,0.643,0.648,0.631,0.627,0.639,0.6361
24:10:09,0.625,0.638,0.639,0.628,0.649,0.644,0.65,0.632,0.628,0.64,0.6373
24:15:09,0.626,0.638,0.638,0.629,0.651,0.645,0.651,0.634,0.629,0.641,0.6382
24:20:09,0.625,0.641,0.637,0.631,0.651,0.646,0.652,0.634,0.63,0.641,0.6388
24:25:09,0.625,0.643,0.637,0.632,0.652,0.647,0.652,0.635,0.631,0.642,0.6396
24:30:09,0.625,0.644,0.638,0.632,0.651,0.648,0.653,0.636,0.631,0.643,0.6401
24:35:09,0.626,0.646,0.639,0.633,0.653,0.648,0.654,0.636,0.632,0.644,0.6411
24:40:09,0.627,0.647,0.639,0.633,0.653,0.649,0.654,0.637,0.633,0.643,0.6415
24:45:09,0.629,0.647,0.64,0.634,0.652,0.65,0.655,0.638,0.634,0.645,0.6424
24:50:09,0.628,0.646,0.641,0.634,0.652,0.65,0.655,0.638,0.634,0.646,0.6424
24:55:09,0.627,0.646,0.643,0.635,0.653,0.652,0.656,0.639,0.634,0.648,0.6433
25:00:09,0.628,0.646,0.643,0.636,0.653,0.652,0.657,0.64,0.635,0.649,0.6439
25:05:09,0.627,0.647,0.644,0.636,0.653,0.653,0.658,0.641,0.635,0.649,0.6443
25:10:09,0.627,0.647,0.646,0.637,0.654,0.652,0.658,0.641,0.636,0.65,0.6448
25:15:08,0.626,0.649,0.647,0.638,0.654,0.653,0.659,0.642,0.637,0.65,0.6455
25:20:09,0.626,0.649,0.647,0.637,0.654,0.654,0.661,0.643,0.637,0.651,0.6459
25:25:09,0.625,0.65,0.648,0.638,0.655,0.654,0.661,0.644,0.638,0.652,0.6465
25:30:09,0.625,0.65,0.646,0.639,0.655,0.655,0.662,0.646,0.639,0.653,0.647
25:35:09,0.625,0.651,0.644,0.644,0.655,0.656,0.662,0.645,0.639,0.654,0.6475
25:40:09,0.626,0.652,0.644,0.647,0.655,0.656,0.663,0.645,0.639,0.655,0.6482
25:45:09,0.627,0.652,0.644,0.649,0.655,0.656,0.664,0.646,0.64,0.656,0.6489
25:50:09,0.626,0.653,0.644,0.65,0.657,0.656,0.664,0.646,0.641,0.657,0.6494
25:55:09,0.628,0.653,0.643,0.651,0.656,0.655,0.665,0.647,0.641,0.658,0.6497
26:00:09,0.629,0.653,0.642,0.654,0.657,0.655,0.665,0.648,0.642,0.659,0.6504
26:05:09,0.63,0.653,0.643,0.657,0.657,0.656,0.667,0.648,0.642,0.659,0.6512
26:10:09,0.63,0.652,0.646,0.659,0.657,0.656,0.668,0.649,0.643,0.66,0.652
26:15:09,0.631,0.653,0.648,0.662,0.658,0.656,0.668,0.65,0.643,0.661,0.653
26:20:09,0.631,0.653,0.65,0.664,0.658,0.657,0.669,0.65,0.644,0.661,0.6537
26:25:09,0.631,0.654,0.651,0.666,0.66,0.657,0.67,0.651,0.644,0.661,0.6545
26:30:09,0.632,0.654,0.651,0.668,0.66,0.658,0.671,0.651,0.645,0.662,0.6552
26:35:09,0.632,0.654,0.652,0.67,0.661,0.657,0.671,0.652,0.646,0.662,0.6557
26:40:09,0.632,0.653,0.653,0.671,0.663,0.658,0.672,0.652,0.646,0.662,0.6562
26:45:09,0.633,0.653,0.655,0.674,0.664,0.659,0.674,0.652,0.647,0.662,0.6573
26:50:09,0.633,0.653,0.657,0.675,0.667,0.659,0.675,0.653,0.647,0.663,0.6582
26:55:09,0.628,0.65,0.657,0.675,0.666,0.658,0.674,0.652,0.647,0.662,0.6569
27:00:09,0.634,0.652,0.661,0.678,0.669,0.658,0.677,0.653,0.648,0.663,0.6593
27:05:09,0.635,0.652,0.662,0.679,0.671,0.658,0.677,0.653,0.649,0.664,0.66
27:10:09,0.636,0.653,0.662,0.681,0.672,0.658,0.678,0.655,0.649,0.665,0.6609
27:15:09,0.636,0.653,0.664,0.683,0.674,0.659,0.678,0.655,0.649,0.666,0.6617
27:20:09,0.638,0.653,0.663,0.685,0.676,0.659,0.679,0.655,0.65,0.667,0.6625
27:25:09,0.638,0.653,0.664,0.686,0.677,0.659,0.679,0.657,0.652,0.667,0.6632
27:30:09,0.639,0.654,0.666,0.689,0.678,0.66,0.681,0.657,0.652,0.668,0.6644
27:35:09,0.642,0.654,0.667,0.691,0.678,0.66,0.68,0.657,0.652,0.668,0.6649
27:40:09,0.643,0.654,0.668,0.693,0.677,0.661,0.681,0.658,0.653,0.669,0.6657
27:45:08,0.644,0.655,0.668,0.696,0.676,0.661,0.681,0.66,0.654,0.67,0.6665
27:50:09,0.646,0.656,0.671,0.697,0.677,0.662,0.681,0.66,0.653,0.671,0.6674
27:55:09,0.647,0.658,0.671,0.698,0.677,0.662,0.682,0.661,0.653,0.672,0.6681
28:00:09,0.648,0.66,0.672,0.701,0.677,0.663,0.683,0.661,0.653,0.673,0.6691
28:05:09,0.649,0.661,0.672,0.716,0.678,0.665,0.684,0.662,0.653,0.674,0.6714
28:10:09,0.651,0.665,0.675,0.729,0.678,0.666,0.684,0.663,0.653,0.675,0.6739
28:15:09,0.653,0.667,0.674,0.731,0.68,0.666,0.685,0.664,0.654,0.675,0.6749
28:20:09,0.655,0.67,0.675,0.73,0.681,0.666,0.686,0.664,0.655,0.676,0.6758
28:25:09,0.658,0.672,0.676,0.734,0.682,0.668,0.686,0.665,0.656,0.678,0.6775
28:30:09,0.66,0.673,0.677,0.74,0.683,0.67,0.687,0.665,0.657,0.677,0.6789
28:35:09,0.662,0.675,0.677,0.744,0.684,0.671,0.687,0.665,0.656,0.678,0.6799
28:40:09,0.664,0.676,0.677,0.747,0.685,0.672,0.688,0.665,0.656,0.679,0.6809
28:45:09,0.666,0.678,0.678,0.748,0.685,0.673,0.691,0.665,0.657,0.68,0.6821
28:50:09,0.668,0.679,0.678,0.747,0.686,0.674,0.694,0.666,0.657,0.68,0.6829
28:55:09,0.67,0.68,0.68,0.749,0.685,0.675,0.694,0.666,0.657,0.681,0.6837
29:00:09,0.672,0.683,0.681,0.75,0.687,0.676,0.695,0.667,0.658,0.682,0.6851
29:05:09,0.672,0.683,0.68,0.75,0.688,0.677,0.696,0.666,0.658,0.682,0.6852
29:10:09,0.673,0.684,0.682,0.749,0.688,0.678,0.696,0.665,0.659,0.682,0.6856
29:15:09,0.674,0.686,0.683,0.748,0.689,0.678,0.697,0.665,0.66,0.683,0.6863
29:20:09,0.676,0.687,0.685,0.747,0.69,0.679,0.698,0.665,0.66,0.684,0.6871
29:25:09,0.678,0.688,0.687,0.752,0.691,0.68,0.698,0.665,0.661,0.685,0.6885
29:30:09,0.678,0.69,0.687,0.757,0.692,0.681,0.698,0.665,0.661,0.684,0.6893
29:35:09,0.68,0.692,0.689,0.759,0.692,0.681,0.699,0.665,0.662,0.686,0.6905
29:40:09,0.682,0.693,0.689,0.767,0.693,0.682,0.699,0.665,0.662,0.687,0.6919
29:45:09,0.684,0.694,0.688,0.774,0.694,0.683,0.7,0.666,0.663,0.688,0.6934
29:50:09,0.685,0.693,0.688,0.778,0.694,0.683,0.701,0.666,0.664,0.688,0.694
29:55:09,0.687,0.695,0.69,0.783,0.695,0.684,0.7,0.666,0.666,0.689,0.6955
30:00:09,0.689,0.696,0.69,0.79,0.697,0.683,0.7,0.667,0.665,0.689,0.6966
30:05:09,0.691,0.696,0.692,0.797,0.698,0.685,0.7,0.667,0.666,0.689,0.6981
30:10:09,0.694,0.697,0.693,0.805,0.698,0.686,0.699,0.667,0.665,0.69,0.6994
30:15:09,0.697,0.698,0.692,0.812,0.7,0.687,0.7,0.669,0.667,0.689,0.7011
30:20:09,0.698,0.699,0.691,0.825,0.7,0.688,0.699,0.672,0.667,0.69,0.7029
30:25:09,0.7,0.701,0.692,0.833,0.702,0.689,0.699,0.674,0.667,0.69,0.7047
30:30:09,0.702,0.704,0.693,0.843,0.701,0.69,0.699,0.676,0.668,0.69,0.7066
30:35:09,0.704,0.705,0.694,0.849,0.701,0.691,0.699,0.678,0.669,0.691,0.7081
30:40:09,0.706,0.703,0.693,0.863,0.702,0.689,0.698,0.678,0.669,0.691,0.7092
30:45:09,0.708,0.706,0.694,0.859,0.704,0.691,0.699,0.681,0.671,0.692,0.7105
30:50:09,0.71,0.708,0.694,0.865,0.705,0.689,0.7,0.681,0.672,0.692,0.7116
30:55:09,0.712,0.709,0.695,0.869,0.706,0.69,0.701,0.682,0.673,0.692,0.7129
31:00:09,0.714,0.712,0.697,0.874,0.707,0.691,0.702,0.683,0.673,0.693,0.7146
31:05:09,0.715,0.713,0.697,0.878,0.707,0.691,0.702,0.684,0.675,0.694,0.7156
31:10:09,0.716,0.715,0.699,0.882,0.708,0.692,0.703,0.684,0.675,0.694,0.7168
31:15:09,0.718,0.717,0.7,0.886,0.708,0.693,0.704,0.685,0.677,0.694,0.7182
31:20:09,0.72,0.718,0.701,0.89,0.711,0.694,0.705,0.686,0.678,0.695,0.7198
31:25:09,0.722,0.718,0.701,0.894,0.712,0.695,0.706,0.686,0.679,0.695,0.7208
31:30:09,0.723,0.719,0.701,0.897,0.713,0.696,0.706,0.687,0.68,0.696,0.7218
31:35:09,0.725,0.72,0.703,0.9,0.715,0.698,0.707,0.687,0.681,0.696,0.7232
31:40:09,0.727,0.722,0.703,0.904,0.716,0.698,0.707,0.688,0.682,0.697,0.7244
31:45:08,0.728,0.723,0.703,0.908,0.718,0.698,0.708,0.687,0.683,0.697,0.7253
31:50:09,0.731,0.725,0.703,0.911,0.719,0.699,0.709,0.688,0.683,0.697,0.7265
31:55:09,0.733,0.726,0.703,0.914,0.721,0.7,0.71,0.688,0.684,0.697,0.7276
32:00:09,0.735,0.726,0.704,0.917,0.722,0.701,0.71,0.689,0.684,0.697,0.7285
32:05:09,0.738,0.728,0.706,0.923,0.723,0.701,0.712,0.689,0.684,0.698,0.7302
32:10:09,0.738,0.728,0.706,0.927,0.725,0.702,0.712,0.689,0.686,0.698,0.7311
32:15:09,0.739,0.728,0.709,0.928,0.726,0.702,0.713,0.691,0.686,0.698,0.732
32:20:09,0.741,0.73,0.709,0.934,0.726,0.702,0.713,0.691,0.687,0.698,0.7331
32:25:09,0.742,0.73,0.708,0.943,0.728,0.702,0.713,0.693,0.687,0.699,0.7345
32:30:09,0.743,0.727,0.708,0.944,0.727,0.703,0.713,0.693,0.688,0.698,0.7344
32:35:09,0.743,0.731,0.709,0.958,0.73,0.704,0.714,0.693,0.689,0.699,0.737
32:40:09,0.744,0.731,0.708,0.98,0.73,0.705,0.715,0.694,0.689,0.7,0.7396
32:45:09,0.747,0.732,0.709,0.974,0.731,0.705,0.715,0.695,0.69,0.7,0.7398
32:50:09,0.749,0.733,0.711,0.96,0.731,0.706,0.716,0.695,0.691,0.701,0.7393
32:55:09,0.75,0.733,0.712,0.916,0.731,0.706,0.716,0.695,0.691,0.701,0.7351
33:00:09,0.75,0.734,0.712,0.899,0.732,0.707,0.717,0.696,0.692,0.702,0.7341
33:05:09,0.752,0.734,0.711,0.89,0.733,0.708,0.717,0.696,0.693,0.702,0.7336
33:10:08,0.753,0.734,0.712,0.821,0.732,0.709,0.718,0.697,0.694,0.703,0.7273
33:15:09,0.755,0.735,0.714,0.784,0.732,0.709,0.718,0.697,0.694,0.702,0.724
33:20:09,0.755,0.735,0.715,0.784,0.731,0.709,0.719,0.699,0.695,0.704,0.7246
33:25:09,0.754,0.735,0.716,0.75,0.731,0.71,0.719,0.7,0.695,0.703,0.7213
33:30:09,0.755,0.736,0.716,0.747,0.73,0.711,0.719,0.7,0.696,0.705,0.7215
33:35:09,0.756,0.736,0.717,0.741,0.729,0.712,0.72,0.702,0.696,0.705,0.7214
33:40:09,0.757,0.737,0.716,0.739,0.729,0.712,0.721,0.703,0.697,0.705,0.7216
33:45:09,0.759,0.737,0.716,0.744,0.727,0.713,0.721,0.704,0.697,0.706,0.7224
33:50:09,0.761,0.737,0.717,0.744,0.726,0.715,0.721,0.706,0.699,0.706,0.7232
33:55:09,0.762,0.737,0.717,0.745,0.726,0.715,0.723,0.707,0.698,0.706,0.7236
34:00:09,0.763,0.738,0.717,0.748,0.724,0.716,0.723,0.709,0.698,0.706,0.7242
34:05:09,0.764,0.738,0.719,0.747,0.723,0.717,0.723,0.71,0.698,0.707,0.7246
34:10:09,0.764,0.739,0.72,0.75,0.722,0.718,0.724,0.712,0.699,0.707,0.7255
34:15:09,0.765,0.739,0.721,0.751,0.721,0.72,0.725,0.714,0.7,0.708,0.7264
34:20:09,0.766,0.74,0.722,0.753,0.72,0.721,0.726,0.718,0.7,0.708,0.7274
34:25:09,0.765,0.74,0.722,0.754,0.719,0.722,0.726,0.72,0.7,0.709,0.7277
34:30:09,0.764,0.74,0.722,0.755,0.72,0.722,0.727,0.724,0.7,0.709,0.7283
34:35:09,0.765,0.74,0.722,0.757,0.719,0.724,0.727,0.727,0.701,0.71,0.7292
34:40:09,0.766,0.741,0.722,0.759,0.718,0.726,0.728,0.731,0.701,0.71,0.7302
34:45:09,0.767,0.741,0.723,0.76,0.717,0.727,0.728,0.735,0.7,0.71,0.7308
34:50:09,0.767,0.741,0.723,0.762,0.718,0.728,0.729,0.741,0.702,0.711,0.7322
34:55:09,0.769,0.741,0.725,0.763,0.717,0.73,0.73,0.745,0.702,0.71,0.7332
35:00:09,0.77,0.742,0.725,0.764,0.718,0.732,0.73,0.75,0.702,0.711,0.7344
35:05:09,0.771,0.743,0.725,0.765,0.717,0.733,0.731,0.754,0.703,0.711,0.7353
35:10:09,0.771,0.744,0.725,0.767,0.717,0.734,0.732,0.758,0.704,0.71,0.7362
35:15:09,0.773,0.745,0.727,0.767,0.716,0.736,0.732,0.762,0.704,0.712,0.7374
35:20:09,0.775,0.745,0.728,0.769,0.717,0.737,0.733,0.765,0.705,0.712,0.7386
35:25:09,0.775,0.746,0.73,0.769,0.718,0.738,0.734,0.769,0.704,0.713,0.7396
35:30:09,0.775,0.746,0.731,0.77,0.719,0.74,0.734,0.771,0.706,0.714,0.7406
35:35:09,0.777,0.747,0.732,0.769,0.72,0.742,0.736,0.774,0.707,0.714,0.7418
35:40:09,0.779,0.748,0.732,0.771,0.72,0.744,0.737,0.777,0.707,0.715,0.743
35:45:09,0.78,0.748,0.733,0.773,0.721,0.745,0.738,0.779,0.708,0.715,0.744
35:50:09,0.781,0.749,0.735,0.774,0.722,0.747,0.739,0.781,0.708,0.714,0.745
35:55:09,0.781,0.75,0.736,0.776,0.724,0.748,0.741,0.783,0.709,0.716,0.7464
36:00:09,0.783,0.75,0.736,0.776,0.723,0.75,0.743,0.785,0.71,0.715,0.7471
36:05:09,0.785,0.752,0.738,0.779,0.725,0.752,0.745,0.787,0.71,0.716,0.7489
36:10:09,0.786,0.752,0.739,0.779,0.725,0.754,0.747,0.788,0.712,0.717,0.7499
36:15:09,0.786,0.753,0.741,0.779,0.728,0.755,0.75,0.789,0.713,0.718,0.7512
36:20:09,0.788,0.754,0.741,0.78,0.73,0.757,0.753,0.79,0.714,0.718,0.7525
36:25:09,0.791,0.754,0.741,0.78,0.733,0.759,0.755,0.791,0.715,0.718,0.7537
36:30:09,0.791,0.755,0.741,0.78,0.735,0.761,0.757,0.793,0.716,0.718,0.7547
36:35:09,0.792,0.756,0.74,0.782,0.739,0.762,0.759,0.795,0.717,0.719,0.7561
36:40:09,0.794,0.756,0.741,0.782,0.742,0.764,0.76,0.796,0.718,0.72,0.7573
36:45:09,0.794,0.756,0.74,0.782,0.744,0.766,0.764,0.797,0.719,0.721,0.7583
36:50:09,0.797,0.756,0.741,0.782,0.747,0.768,0.767,0.797,0.719,0.721,0.7595
36:55:09,0.799,0.755,0.739,0.783,0.753,0.771,0.769,0.799,0.72,0.722,0.761
37:00:09,0.8,0.756,0.739,0.784,0.757,0.773,0.771,0.799,0.721,0.722,0.7622
37:05:09,0.803,0.756,0.739,0.783,0.76,0.774,0.772,0.799,0.721,0.723,0.763
37:10:09,0.82,0.757,0.74,0.785,0.764,0.776,0.773,0.801,0.723,0.724,0.7663
37:15:09,0.843,0.757,0.74,0.785,0.765,0.778,0.774,0.801,0.724,0.724,0.7691
37:20:09,0.868,0.755,0.739,0.785,0.763,0.778,0.776,0.801,0.724,0.724,0.7713
37:25:09,0.864,0.758,0.74,0.786,0.765,0.781,0.781,0.803,0.725,0.726,0.7729
37:30:09,0.87,0.759,0.741,0.786,0.764,0.783,0.786,0.805,0.726,0.726,0.7746
37:35:09,0.874,0.76,0.74,0.786,0.766,0.786,0.789,0.806,0.728,0.726,0.7761
37:40:09,0.876,0.761,0.742,0.786,0.768,0.787,0.793,0.807,0.73,0.727,0.7777
37:45:09,0.88,0.761,0.744,0.788,0.77,0.788,0.794,0.809,0.731,0.727,0.7792
37:50:09,0.882,0.761,0.746,0.789,0.771,0.789,0.797,0.81,0.732,0.728,0.7805
37:55:09,0.885,0.761,0.747,0.791,0.771,0.791,0.8,0.811,0.733,0.729,0.7819
38:00:09,0.887,0.761,0.748,0.79,0.768,0.792,0.802,0.811,0.734,0.729,0.7822
38:05:09,0.886,0.761,0.75,0.792,0.768,0.794,0.806,0.812,0.736,0.73,0.7835
38:10:09,0.899,0.761,0.751,0.792,0.768,0.795,0.809,0.813,0.737,0.73,0.7855
38:15:09,0.903,0.761,0.752,0.794,0.769,0.796,0.81,0.814,0.738,0.731,0.7868
38:20:09,0.909,0.76,0.751,0.795,0.769,0.797,0.812,0.815,0.739,0.731,0.7878
38:25:09,0.905,0.761,0.752,0.795,0.768,0.797,0.817,0.816,0.74,0.731,0.7882
38:30:09,0.913,0.761,0.753,0.798,0.769,0.798,0.818,0.817,0.741,0.732,0.79
38:35:09,0.911,0.761,0.755,0.798,0.766,0.8,0.823,0.818,0.742,0.733,0.7907
38:40:09,0.913,0.761,0.755,0.798,0.764,0.801,0.826,0.819,0.743,0.734,0.7914
38:45:09,0.913,0.762,0.755,0.798,0.761,0.802,0.829,0.819,0.744,0.734,0.7917
38:50:09,0.912,0.763,0.755,0.8,0.761,0.803,0.833,0.821,0.746,0.735,0.7929
38:55:09,0.912,0.765,0.755,0.801,0.761,0.804,0.834,0.821,0.747,0.735,0.7935
39:00:09,0.911,0.766,0.755,0.803,0.761,0.806,0.835,0.822,0.749,0.735,0.7943
39:05:09,0.909,0.766,0.755,0.803,0.76,0.807,0.838,0.823,0.75,0.736,0.7947
39:10:09,0.909,0.767,0.754,0.804,0.759,0.807,0.839,0.824,0.752,0.736,0.7951
39:15:09,0.907,0.768,0.753,0.806,0.76,0.809,0.842,0.825,0.755,0.737,0.7962
39:20:09,0.907,0.769,0.754,0.805,0.76,0.81,0.845,0.826,0.757,0.737,0.797
39:25:09,0.906,0.77,0.755,0.805,0.761,0.81,0.85,0.826,0.76,0.738,0.7981
39:30:09,0.91,0.77,0.756,0.806,0.762,0.812,0.856,0.828,0.762,0.738,0.8
39:35:09,0.909,0.77,0.758,0.807,0.763,0.813,0.861,0.828,0.765,0.739,0.8013
39:40:09,0.906,0.771,0.759,0.807,0.764,0.814,0.865,0.829,0.767,0.739,0.8021
39:45:09,0.907,0.772,0.761,0.809,0.764,0.815,0.869,0.83,0.77,0.739,0.8036
39:50:09,0.904,0.772,0.762,0.809,0.764,0.816,0.872,0.83,0.772,0.74,0.8041
39:55:09,0.907,0.772,0.763,0.811,0.765,0.818,0.874,0.831,0.774,0.741,0.8056
40:00:09,0.904,0.773,0.765,0.81,0.766,0.819,0.877,0.833,0.777,0.741,0.8065
40:05:09,0.906,0.772,0.764,0.813,0.766,0.82,0.878,0.834,0.778,0.742,0.8073
40:10:09,0.901,0.772,0.765,0.814,0.767,0.821,0.88,0.834,0.779,0.742,0.8075
40:15:09,0.901,0.772,0.766,0.813,0.767,0.822,0.882,0.835,0.781,0.743,0.8082
40:20:09,0.902,0.771,0.765,0.815,0.766,0.824,0.884,0.836,0.782,0.743,0.8088
40:25:09,0.904,0.771,0.764,0.816,0.767,0.825,0.886,0.837,0.783,0.743,0.8096
40:30:09,0.901,0.771,0.764,0.817,0.767,0.826,0.887,0.839,0.784,0.743,0.8099
40:35:09,0.905,0.772,0.764,0.818,0.768,0.827,0.889,0.839,0.786,0.744,0.8112
40:40:09,0.902,0.772,0.763,0.818,0.767,0.829,0.891,0.84,0.787,0.745,0.8114
40:45:09,0.904,0.774,0.763,0.82,0.768,0.829,0.893,0.84,0.789,0.745,0.8125
40:50:09,0.905,0.775,0.764,0.82,0.768,0.83,0.896,0.841,0.789,0.745,0.8133
40:55:09,0.903,0.777,0.766,0.82,0.768,0.831,0.901,0.841,0.79,0.746,0.8143
41:00:09,0.902,0.778,0.767,0.82,0.767,0.831,0.907,0.842,0.792,0.746,0.8152
41:05:08,0.903,0.779,0.769,0.823,0.767,0.832,0.914,0.843,0.794,0.747,0.8171
41:10:09,0.902,0.779,0.771,0.823,0.767,0.833,0.945,0.843,0.795,0.748,0.8206
41:15:09,0.902,0.78,0.773,0.824,0.767,0.834,0.985,0.844,0.796,0.747,0.8252
41:20:09,0.9,0.78,0.772,0.824,0.767,0.835,0.994,0.844,0.797,0.748,0.8261
41:25:09,0.894,0.781,0.772,0.825,0.768,0.836,0.996,0.845,0.798,0.749,0.8264
41:30:09,0.898,0.782,0.773,0.827,0.768,0.836,1.021,0.846,0.799,0.749,0.8299
41:35:09,0.898,0.782,0.772,0.829,0.769,0.838,1.016,0.846,0.8,0.749,0.8299
41:40:09,0.895,0.783,0.771,0.829,0.77,0.838,1.028,0.845,0.801,0.75,0.831
41:45:09,0.893,0.782,0.771,0.83,0.771,0.838,1.043,0.846,0.801,0.75,0.8325
41:50:09,0.891,0.782,0.77,0.83,0.771,0.839,1.042,0.846,0.802,0.751,0.8324
41:55:09,0.888,0.782,0.77,0.83,0.771,0.839,1.04,0.847,0.803,0.751,0.8321
42:00:09,0.886,0.781,0.772,0.831,0.771,0.84,1.007,0.847,0.804,0.752,0.8291
42:05:09,0.887,0.781,0.774,0.833,0.773,0.841,0.977,0.847,0.805,0.753,0.8271
42:10:09,0.886,0.781,0.775,0.834,0.774,0.841,0.957,0.847,0.806,0.753,0.8254
42:15:09,0.877,0.782,0.778,0.833,0.774,0.842,0.923,0.847,0.807,0.753,0.8216
42:20:09,0.873,0.784,0.78,0.835,0.776,0.842,0.885,0.847,0.807,0.753,0.8182
42:25:09,0.875,0.785,0.78,0.835,0.776,0.842,0.873,0.847,0.808,0.754,0.8175
42:30:09,0.875,0.786,0.78,0.834,0.776,0.843,0.868,0.847,0.809,0.755,0.8173
42:35:09,0.876,0.787,0.777,0.836,0.776,0.843,0.863,0.846,0.809,0.755,0.8168
42:40:09,0.87,0.787,0.777,0.837,0.778,0.844,0.858,0.847,0.809,0.756,0.8163
42:45:09,0.865,0.788,0.776,0.839,0.778,0.845,0.856,0.848,0.81,0.756,0.8161
42:50:09,0.857,0.788,0.775,0.841,0.779,0.844,0.849,0.848,0.81,0.756,0.8147
42:55:09,0.861,0.789,0.775,0.841,0.779,0.845,0.844,0.849,0.812,0.757,0.8152
43:00:09,0.857,0.79,0.777,0.842,0.779,0.845,0.839,0.849,0.813,0.757,0.8148
43:05:09,0.855,0.79,0.779,0.844,0.781,0.845,0.835,0.851,0.813,0.757,0.815
43:10:09,0.827,0.79,0.781,0.845,0.782,0.846,0.835,0.852,0.815,0.758,0.8131
43:15:09,0.833,0.79,0.785,0.844,0.782,0.847,0.834,0.853,0.816,0.758,0.8142
43:20:09,0.839,0.789,0.786,0.845,0.783,0.848,0.832,0.853,0.816,0.759,0.815
43:25:09,0.838,0.789,0.787,0.847,0.784,0.848,0.833,0.853,0.817,0.759,0.8155
43:30:09,0.822,0.789,0.785,0.847,0.785,0.849,0.83,0.853,0.818,0.76,0.8138
43:35:09,0.83,0.79,0.783,0.848,0.786,0.85,0.833,0.853,0.819,0.76,0.8152
43:40:09,0.83,0.791,0.782,0.848,0.786,0.851,0.834,0.853,0.82,0.761,0.8156
43:45:09,0.827,0.793,0.781,0.849,0.787,0.852,0.833,0.853,0.82,0.761,0.8156
43:50:09,0.842,0.794,0.781,0.85,0.788,0.853,0.835,0.853,0.82,0.762,0.8178
43:55:09,0.816,0.795,0.782,0.85,0.789,0.856,0.836,0.852,0.821,0.762,0.8159
44:00:09,0.828,0.796,0.784,0.851,0.79,0.858,0.837,0.852,0.822,0.763,0.8181
44:05:09,0.83,0.796,0.787,0.852,0.792,0.859,0.835,0.851,0.823,0.763,0.8188
44:10:09,0.818,0.797,0.788,0.852,0.792,0.862,0.834,0.851,0.824,0.764,0.8182
44:15:09,0.822,0.797,0.792,0.852,0.793,0.864,0.834,0.851,0.826,0.765,0.8196
44:20:09,0.814,0.798,0.793,0.852,0.794,0.865,0.834,0.85,0.827,0.765,0.8192
44:25:09,0.818,0.797,0.79,0.852,0.795,0.867,0.835,0.85,0.828,0.765,0.8197
44:30:09,0.815,0.796,0.789,0.851,0.795,0.868,0.833,0.849,0.83,0.765,0.8191
44:35:09,0.815,0.795,0.788,0.854,0.796,0.869,0.834,0.849,0.832,0.766,0.8198
44:40:09,0.818,0.796,0.786,0.857,0.798,0.87,0.836,0.848,0.834,0.766,0.8209
44:45:09,0.821,0.797,0.786,0.858,0.799,0.87,0.833,0.848,0.836,0.767,0.8215
44:50:09,0.815,0.797,0.787,0.858,0.8,0.871,0.835,0.848,0.837,0.768,0.8216
44:55:09,0.824,0.8,0.789,0.858,0.8,0.871,0.833,0.847,0.839,0.768,0.8229
45:00:09,0.822,0.801,0.79,0.859,0.802,0.872,0.834,0.847,0.841,0.768,0.8236
45:05:09,0.813,0.802,0.794,0.86,0.803,0.873,0.837,0.847,0.844,0.769,0.8242
45:10:09,0.808,0.802,0.798,0.862,0.805,0.874,0.836,0.847,0.846,0.77,0.8248
45:15:09,0.819,0.802,0.798,0.864,0.805,0.874,0.837,0.848,0.848,0.77,0.8265
45:20:09,0.818,0.803,0.796,0.866,0.806,0.874,0.838,0.849,0.85,0.771,0.8271
45:25:09,0.821,0.804,0.795,0.867,0.807,0.875,0.837,0.851,0.851,0.771,0.8279