Time,A5,B6,C7,D8,E1,E9,F10,G2,G11,H3,Mean
0:00:09,0.016,0.019,0.012,0.004,0.011,0.011,0.005,0.013,0.003,0.008,0.0102
0:05:09,0.004,0.011,0.004,0.009,0.008,0.012,0.011,0.011,0.009,0.008,0.0087
0:10:09,0.004,0.01,0.003,0.009,0.007,0.011,0.011,0.011,0.008,0.007,0.0081
0:15:09,0.004,0.01,0.003,0.01,0.007,0.011,0.011,0.011,0.007,0.007,0.0081
0:20:09,0.004,0.01,0.003,0.009,0.007,0.01,0.011,0.01,0.006,0.007,0.0077
0:25:09,0.004,0.01,0.003,0.009,0.007,0.01,0.01,0.01,0.006,0.007,0.0076
0:30:09,0.005,0.011,0.003,0.009,0.007,0.009,0.01,0.01,0.005,0.007,0.0076
0:35:09,0.005,0.012,0.003,0.009,0.007,0.009,0.01,0.01,0.005,0.007,0.0077
0:40:09,0.005,0.012,0.003,0.009,0.007,0.009,0.01,0.01,0.005,0.007,0.0077
0:45:09,0.005,0.013,0.003,0.009,0.007,0.009,0.01,0.01,0.005,0.007,0.0078
0:50:09,0.005,0.013,0.003,0.009,0.008,0.009,0.01,0.01,0.005,0.007,0.0079
0:55:09,0.006,0.014,0.004,0.01,0.008,0.009,0.01,0.011,0.005,0.007,0.0084
1:00:09,0.006,0.014,0.004,0.01,0.008,0.01,0.01,0.011,0.005,0.008,0.0086
1:05:09,0.007,0.015,0.004,0.011,0.009,0.01,0.011,0.011,0.006,0.008,0.0092
1:10:09,0.007,0.015,0.005,0.011,0.01,0.011,0.011,0.012,0.006,0.009,0.0097
1:15:09,0.008,0.015,0.005,0.012,0.011,0.012,0.011,0.012,0.006,0.01,0.0102
1:20:09,0.01,0.017,0.005,0.014,0.013,0.014,0.012,0.013,0.007,0.012,0.0117
1:25:09,0.011,0.019,0.006,0.015,0.014,0.016,0.013,0.013,0.007,0.014,0.0128
1:30:09,0.012,0.021,0.006,0.017,0.016,0.017,0.014,0.014,0.008,0.016,0.0141
1:35:09,0.014,0.022,0.007,0.018,0.017,0.019,0.015,0.015,0.009,0.017,0.0153
1:40:09,0.015,0.024,0.008,0.019,0.018,0.02,0.016,0.016,0.009,0.018,0.0163
1:45:09,0.016,0.024,0.01,0.02,0.019,0.021,0.017,0.017,0.01,0.02,0.0174
1:50:09,0.017,0.024,0.011,0.021,0.02,0.022,0.018,0.019,0.011,0.021,0.0184
1:55:09,0.019,0.026,0.013,0.022,0.021,0.024,0.02,0.02,0.012,0.023,0.02
2:00:09,0.02,0.028,0.014,0.024,0.022,0.024,0.021,0.021,0.014,0.023,0.0211
2:05:09,0.021,0.03,0.015,0.025,0.021,0.024,0.023,0.023,0.016,0.023,0.0221
2:10:09,0.021,0.032,0.016,0.027,0.021,0.024,0.025,0.024,0.019,0.023,0.0232
2:15:09,0.022,0.034,0.017,0.027,0.022,0.026,0.028,0.025,0.021,0.024,0.0246
2:20:09,0.025,0.036,0.018,0.028,0.024,0.03,0.032,0.026,0.025,0.026,0.027
2:25:09,0.026,0.038,0.02,0.029,0.026,0.033,0.035,0.026,0.03,0.027,0.029
2:30:09,0.028,0.04,0.021,0.03,0.028,0.035,0.033,0.027,0.032,0.029,0.0303
2:35:09,0.031,0.042,0.02,0.032,0.031,0.037,0.031,0.03,0.029,0.031,0.0314
2:40:09,0.034,0.044,0.021,0.034,0.033,0.04,0.031,0.033,0.03,0.033,0.0333
2:45:09,0.035,0.046,0.025,0.036,0.035,0.042,0.032,0.036,0.03,0.034,0.0351
2:50:09,0.04,0.048,0.028,0.038,0.037,0.044,0.034,0.039,0.03,0.036,0.0374
2:55:09,0.039,0.05,0.03,0.04,0.039,0.047,0.035,0.041,0.03,0.037,0.0388
3:00:09,0.042,0.052,0.032,0.044,0.04,0.049,0.037,0.043,0.033,0.04,0.0412
3:05:09,0.046,0.055,0.034,0.045,0.042,0.052,0.038,0.045,0.033,0.042,0.0432
3:10:09,0.048,0.057,0.036,0.047,0.044,0.054,0.04,0.047,0.034,0.044,0.0451
3:15:09,0.046,0.059,0.039,0.049,0.045,0.057,0.042,0.049,0.036,0.046,0.0468
3:20:09,0.052,0.062,0.041,0.052,0.048,0.06,0.044,0.051,0.038,0.049,0.0497
3:25:09,0.052,0.065,0.044,0.053,0.049,0.063,0.046,0.053,0.04,0.052,0.0517
3:30:09,0.053,0.068,0.045,0.056,0.051,0.065,0.047,0.055,0.041,0.055,0.0536
3:35:09,0.06,0.071,0.048,0.059,0.054,0.069,0.05,0.058,0.044,0.058,0.0571
3:40:09,0.057,0.074,0.05,0.061,0.055,0.072,0.052,0.06,0.046,0.061,0.0588
3:45:09,0.068,0.077,0.053,0.065,0.058,0.076,0.055,0.063,0.048,0.064,0.0627
3:50:09,0.066,0.081,0.056,0.067,0.059,0.08,0.057,0.066,0.051,0.068,0.0651
3:55:09,0.071,0.085,0.059,0.074,0.063,0.084,0.061,0.069,0.054,0.071,0.0691
4:00:09,0.075,0.089,0.061,0.077,0.066,0.089,0.064,0.071,0.057,0.075,0.0724
4:05:09,0.077,0.094,0.065,0.081,0.068,0.092,0.067,0.074,0.06,0.079,0.0757
4:10:09,0.084,0.097,0.068,0.085,0.072,0.096,0.07,0.078,0.063,0.083,0.0796
4:15:09,0.088,0.102,0.072,0.09,0.076,0.101,0.074,0.082,0.066,0.088,0.0839
4:20:09,0.092,0.105,0.075,0.095,0.08,0.104,0.078,0.085,0.07,0.094,0.0878
4:25:09,0.098,0.111,0.079,0.101,0.084,0.11,0.082,0.089,0.074,0.1,0.0928
4:30:09,0.103,0.114,0.083,0.107,0.089,0.115,0.087,0.092,0.079,0.106,0.0975
4:35:09,0.108,0.121,0.088,0.112,0.093,0.121,0.092,0.097,0.084,0.112,0.1028
4:40:09,0.114,0.126,0.093,0.119,0.097,0.127,0.097,0.102,0.089,0.118,0.1082
4:45:09,0.118,0.133,0.096,0.124,0.101,0.133,0.103,0.107,0.095,0.123,0.1133
4:50:09,0.124,0.149,0.101,0.13,0.105,0.139,0.109,0.111,0.103,0.13,0.1201
4:55:09,0.131,0.151,0.107,0.135,0.11,0.145,0.116,0.116,0.11,0.134,0.1255
5:00:09,0.134,0.152,0.111,0.14,0.114,0.15,0.121,0.12,0.116,0.138,0.1296
5:05:09,0.14,0.166,0.115,0.145,0.117,0.155,0.127,0.127,0.124,0.141,0.1357
5:10:09,0.146,0.172,0.118,0.15,0.121,0.16,0.132,0.13,0.13,0.149,0.1408
5:15:09,0.15,0.177,0.121,0.155,0.125,0.165,0.138,0.135,0.135,0.158,0.1459
5:20:09,0.156,0.182,0.125,0.161,0.127,0.17,0.143,0.139,0.14,0.166,0.1509
5:25:09,0.164,0.19,0.13,0.166,0.133,0.174,0.148,0.143,0.142,0.172,0.1562
5:30:09,0.178,0.2,0.135,0.174,0.14,0.181,0.15,0.149,0.145,0.18,0.1632
5:35:09,0.201,0.327,0.141,0.184,0.151,0.191,0.154,0.154,0.149,0.192,0.1844
5:40:09,0.231,0.37,0.149,0.192,0.167,0.201,0.16,0.16,0.156,0.205,0.1991
5:45:09,0.273,0.378,0.156,0.207,0.235,0.274,0.167,0.168,0.164,0.298,0.232
5:50:09,0.308,0.405,0.164,0.23,0.304,0.368,0.176,0.177,0.173,0.333,0.2638
5:55:09,0.347,0.424,0.169,0.271,0.327,0.39,0.186,0.188,0.183,0.357,0.2842
6:00:09,0.398,0.441,0.174,0.349,0.361,0.387,0.197,0.199,0.194,0.389,0.3089
6:05:09,0.449,0.448,0.183,0.406,0.355,0.411,0.254,0.209,0.204,0.4,0.3319
6:10:09,0.479,0.449,0.193,0.404,0.377,0.429,0.331,0.3,0.309,0.407,0.3678
6:15:09,0.488,0.447,0.294,0.424,0.388,0.443,0.399,0.388,0.362,0.412,0.4045
6:20:09,0.48,0.447,0.352,0.442,0.444,0.445,0.389,0.402,0.38,0.415,0.4196
6:25:09,0.498,0.451,0.371,0.454,0.498,0.443,0.41,0.406,0.397,0.417,0.4345
6:30:09,0.486,0.449,0.405,0.465,0.524,0.444,0.417,0.423,0.415,0.417,0.4445
6:35:09,0.484,0.447,0.428,0.467,0.56,0.441,0.428,0.435,0.428,0.42,0.4538
6:40:09,0.477,0.443,0.436,0.471,0.572,0.443,0.429,0.439,0.43,0.422,0.4562
6:45:09,0.496,0.438,0.436,0.484,0.56,0.441,0.431,0.437,0.43,0.421,0.4574
6:50:09,0.467,0.443,0.439,0.474,0.542,0.442,0.435,0.441,0.433,0.425,0.4541
6:55:09,0.463,0.445,0.441,0.472,0.486,0.443,0.437,0.441,0.434,0.426,0.4488
7:00:09,0.464,0.446,0.441,0.473,0.507,0.444,0.437,0.446,0.435,0.427,0.452
7:05:09,0.462,0.447,0.439,0.471,0.478,0.444,0.438,0.444,0.436,0.428,0.4487
7:10:09,0.457,0.447,0.438,0.468,0.472,0.445,0.439,0.446,0.436,0.429,0.4477
7:15:09,0.46,0.447,0.439,0.464,0.471,0.446,0.441,0.444,0.438,0.43,0.448
7:20:09,0.459,0.448,0.44,0.463,0.463,0.446,0.441,0.444,0.439,0.431,0.4474
7:25:09,0.463,0.449,0.44,0.461,0.464,0.446,0.443,0.446,0.44,0.433,0.4485
7:30:09,0.461,0.45,0.442,0.459,0.465,0.446,0.442,0.445,0.441,0.434,0.4485
7:35:09,0.459,0.451,0.443,0.459,0.459,0.445,0.442,0.446,0.44,0.436,0.448
7:40:09,0.46,0.452,0.444,0.459,0.457,0.447,0.443,0.447,0.441,0.438,0.4488
7:45:09,0.46,0.453,0.444,0.459,0.456,0.448,0.442,0.448,0.441,0.439,0.449
7:50:09,0.461,0.454,0.445,0.461,0.456,0.449,0.444,0.449,0.441,0.44,0.45
7:55:09,0.461,0.455,0.445,0.463,0.456,0.45,0.445,0.45,0.442,0.442,0.4509
8:00:09,0.461,0.456,0.446,0.464,0.458,0.452,0.447,0.451,0.443,0.444,0.4522
8:05:09,0.459,0.458,0.446,0.463,0.458,0.453,0.448,0.453,0.443,0.446,0.4527
8:10:09,0.459,0.459,0.447,0.464,0.459,0.454,0.45,0.454,0.444,0.447,0.4537
8:15:09,0.457,0.46,0.449,0.463,0.459,0.456,0.452,0.455,0.446,0.448,0.4545
8:20:09,0.454,0.461,0.45,0.461,0.459,0.458,0.453,0.457,0.447,0.45,0.455
8:25:09,0.454,0.462,0.451,0.461,0.459,0.459,0.455,0.458,0.447,0.452,0.4558
8:30:09,0.452,0.464,0.452,0.461,0.459,0.461,0.456,0.458,0.448,0.455,0.4566
8:35:09,0.452,0.465,0.453,0.457,0.458,0.463,0.458,0.46,0.45,0.455,0.4571
8:40:09,0.45,0.466,0.455,0.457,0.457,0.465,0.46,0.46,0.452,0.456,0.4578
8:45:09,0.449,0.467,0.456,0.457,0.456,0.466,0.461,0.461,0.454,0.457,0.4584
8:50:09,0.45,0.468,0.458,0.457,0.456,0.468,0.463,0.463,0.455,0.459,0.4597
8:55:09,0.45,0.47,0.46,0.458,0.455,0.469,0.464,0.464,0.457,0.46,0.4607
9:00:09,0.449,0.471,0.462,0.458,0.454,0.471,0.465,0.465,0.46,0.462,0.4617
9:05:09,0.452,0.473,0.463,0.46,0.454,0.473,0.467,0.466,0.462,0.463,0.4633
9:10:09,0.449,0.474,0.465,0.46,0.455,0.475,0.468,0.468,0.463,0.465,0.4642
9:15:09,0.45,0.476,0.467,0.461,0.455,0.477,0.47,0.469,0.465,0.467,0.4657
9:20:09,0.45,0.477,0.469,0.461,0.454,0.479,0.472,0.47,0.467,0.468,0.4667
9:25:09,0.45,0.478,0.47,0.462,0.453,0.48,0.473,0.472,0.469,0.469,0.4676
9:30:09,0.452,0.481,0.471,0.464,0.454,0.482,0.475,0.473,0.471,0.471,0.4694
9:35:09,0.444,0.478,0.47,0.462,0.455,0.483,0.476,0.474,0.472,0.472,0.4686
9:40:09,0.453,0.484,0.474,0.466,0.456,0.486,0.479,0.475,0.475,0.473,0.4721
9:45:09,0.453,0.486,0.477,0.466,0.458,0.488,0.481,0.477,0.477,0.476,0.4739
9:50:09,0.454,0.488,0.478,0.469,0.457,0.49,0.483,0.478,0.479,0.477,0.4753
9:55:09,0.454,0.489,0.48,0.469,0.456,0.491,0.485,0.479,0.481,0.478,0.4762
10:00:09,0.455,0.491,0.482,0.469,0.457,0.493,0.488,0.481,0.483,0.48,0.4779
10:05:09,0.457,0.493,0.483,0.471,0.457,0.495,0.489,0.482,0.484,0.482,0.4793
10:10:09,0.457,0.494,0.485,0.472,0.458,0.496,0.491,0.484,0.486,0.483,0.4806
10:15:09,0.459,0.496,0.487,0.474,0.461,0.498,0.492,0.486,0.488,0.484,0.4825
10:20:09,0.46,0.497,0.489,0.475,0.462,0.5,0.494,0.487,0.49,0.486,0.484
10:25:09,0.461,0.498,0.491,0.478,0.462,0.5,0.496,0.488,0.492,0.487,0.4853
10:30:09,0.461,0.5,0.493,0.479,0.461,0.502,0.497,0.49,0.493,0.488,0.4864
10:35:09,0.464,0.501,0.495,0.481,0.464,0.504,0.499,0.492,0.496,0.489,0.4885
10:40:09,0.463,0.502,0.497,0.483,0.467,0.505,0.501,0.493,0.496,0.49,0.4897
10:45:09,0.466,0.504,0.499,0.484,0.469,0.506,0.502,0.494,0.498,0.492,0.4914
10:50:09,0.467,0.505,0.5,0.486,0.468,0.508,0.504,0.496,0.5,0.493,0.4927
10:55:09,0.468,0.508,0.502,0.487,0.467,0.509,0.506,0.498,0.502,0.494,0.4941
11:00:09,0.47,0.508,0.504,0.489,0.466,0.51,0.507,0.5,0.503,0.497,0.4954
11:05:09,0.47,0.51,0.506,0.491,0.467,0.512,0.508,0.501,0.504,0.498,0.4967
11:10:09,0.472,0.511,0.507,0.493,0.47,0.513,0.51,0.502,0.505,0.499,0.4982
11:15:09,0.475,0.512,0.509,0.495,0.471,0.515,0.512,0.503,0.507,0.501,0.5
11:20:09,0.476,0.514,0.51,0.496,0.472,0.516,0.512,0.505,0.508,0.502,0.5011
11:25:09,0.479,0.515,0.512,0.497,0.476,0.517,0.514,0.506,0.509,0.503,0.5028
11:30:09,0.481,0.517,0.513,0.499,0.479,0.519,0.515,0.508,0.512,0.505,0.5048
11:35:09,0.482,0.519,0.515,0.5,0.481,0.52,0.517,0.509,0.512,0.506,0.5061
11:40:09,0.484,0.521,0.517,0.502,0.482,0.521,0.518,0.511,0.514,0.508,0.5078
11:45:09,0.485,0.523,0.518,0.504,0.484,0.522,0.519,0.512,0.515,0.509,0.5091
11:50:09,0.488,0.525,0.519,0.505,0.486,0.524,0.52,0.513,0.515,0.511,0.5106
11:55:09,0.488,0.526,0.52,0.507,0.488,0.526,0.522,0.514,0.518,0.512,0.5121
12:00:09,0.491,0.528,0.521,0.511,0.489,0.528,0.523,0.515,0.519,0.514,0.5139
12:05:09,0.491,0.529,0.523,0.513,0.491,0.531,0.525,0.517,0.521,0.515,0.5156
12:10:09,0.494,0.531,0.525,0.517,0.492,0.532,0.527,0.518,0.522,0.517,0.5175
12:15:09,0.495,0.532,0.527,0.52,0.492,0.534,0.529,0.519,0.524,0.518,0.519
12:20:09,0.497,0.533,0.528,0.524,0.492,0.535,0.53,0.521,0.526,0.519,0.5205
12:25:09,0.496,0.535,0.53,0.525,0.492,0.537,0.533,0.523,0.528,0.52,0.5219
12:30:09,0.497,0.536,0.532,0.528,0.493,0.538,0.535,0.525,0.53,0.522,0.5236
12:35:09,0.499,0.537,0.534,0.531,0.496,0.539,0.537,0.527,0.533,0.522,0.5255
12:40:09,0.503,0.538,0.537,0.533,0.498,0.541,0.539,0.528,0.535,0.524,0.5276
12:45:09,0.502,0.539,0.539,0.535,0.499,0.542,0.54,0.53,0.536,0.525,0.5287
12:50:09,0.505,0.54,0.54,0.537,0.499,0.543,0.542,0.531,0.538,0.526,0.5301
12:55:09,0.505,0.541,0.542,0.538,0.499,0.544,0.543,0.532,0.54,0.527,0.5311
13:00:09,0.508,0.542,0.543,0.539,0.502,0.545,0.544,0.533,0.54,0.528,0.5324
13:05:09,0.51,0.542,0.545,0.541,0.503,0.546,0.545,0.535,0.543,0.529,0.5339
13:10:09,0.512,0.543,0.546,0.543,0.505,0.547,0.547,0.536,0.544,0.53,0.5353
13:15:09,0.515,0.545,0.547,0.545,0.507,0.548,0.548,0.538,0.545,0.531,0.5369
13:20:09,0.516,0.545,0.548,0.546,0.509,0.549,0.549,0.539,0.546,0.532,0.5379
13:25:09,0.515,0.545,0.55,0.546,0.508,0.55,0.55,0.54,0.548,0.532,0.5384
13:30:09,0.516,0.546,0.55,0.547,0.51,0.55,0.551,0.54,0.548,0.534,0.5392
13:35:09,0.518,0.547,0.551,0.549,0.512,0.551,0.551,0.541,0.549,0.534,0.5403
13:40:09,0.52,0.548,0.552,0.549,0.514,0.552,0.552,0.542,0.55,0.535,0.5414
13:45:09,0.52,0.549,0.553,0.55,0.515,0.554,0.554,0.543,0.551,0.536,0.5425
13:50:09,0.522,0.549,0.554,0.55,0.516,0.554,0.554,0.544,0.551,0.537,0.5431
13:55:09,0.522,0.55,0.554,0.552,0.516,0.555,0.555,0.545,0.553,0.538,0.544
14:00:09,0.524,0.551,0.555,0.552,0.518,0.555,0.556,0.546,0.553,0.539,0.5449
14:05:09,0.525,0.551,0.556,0.554,0.518,0.557,0.557,0.547,0.553,0.54,0.5458
14:10:09,0.525,0.552,0.557,0.555,0.52,0.557,0.557,0.548,0.553,0.541,0.5465
14:15:09,0.525,0.552,0.557,0.555,0.522,0.557,0.558,0.548,0.555,0.541,0.547
14:20:09,0.526,0.553,0.558,0.557,0.522,0.558,0.558,0.549,0.555,0.542,0.5478
14:25:09,0.525,0.553,0.559,0.558,0.522,0.559,0.559,0.55,0.556,0.543,0.5484
14:30:09,0.527,0.554,0.56,0.558,0.522,0.56,0.56,0.551,0.557,0.544,0.5493
14:35:09,0.528,0.555,0.56,0.56,0.524,0.56,0.561,0.552,0.558,0.545,0.5503
14:40:09,0.531,0.556,0.561,0.561,0.525,0.561,0.561,0.553,0.558,0.546,0.5513
14:45:09,0.531,0.556,0.562,0.563,0.525,0.562,0.562,0.553,0.558,0.546,0.5518
14:50:09,0.532,0.557,0.562,0.563,0.526,0.563,0.562,0.554,0.558,0.547,0.5524
14:55:09,0.531,0.558,0.563,0.563,0.527,0.564,0.563,0.555,0.559,0.548,0.5531
15:00:09,0.531,0.559,0.564,0.564,0.528,0.564,0.564,0.555,0.56,0.549,0.5538
15:05:09,0.532,0.559,0.565,0.565,0.529,0.565,0.565,0.555,0.561,0.55,0.5546
15:10:09,0.532,0.56,0.565,0.566,0.531,0.566,0.566,0.556,0.561,0.551,0.5554
15:15:09,0.533,0.561,0.566,0.567,0.531,0.567,0.567,0.557,0.563,0.552,0.5564
15:20:09,0.533,0.561,0.567,0.568,0.532,0.567,0.566,0.558,0.563,0.553,0.5568
15:25:09,0.534,0.562,0.568,0.569,0.532,0.568,0.568,0.559,0.563,0.553,0.5576
15:30:09,0.536,0.563,0.569,0.57,0.533,0.57,0.568,0.56,0.564,0.554,0.5587
15:35:09,0.536,0.564,0.569,0.571,0.535,0.57,0.569,0.561,0.564,0.555,0.5594
15:40:09,0.537,0.564,0.57,0.572,0.538,0.571,0.57,0.562,0.565,0.556,0.5605
15:45:09,0.538,0.565,0.571,0.573,0.537,0.572,0.57,0.562,0.566,0.557,0.5611
15:50:09,0.538,0.566,0.571,0.574,0.537,0.573,0.571,0.563,0.567,0.558,0.5618
15:55:09,0.539,0.567,0.572,0.575,0.538,0.574,0.573,0.564,0.568,0.559,0.5629
16:00:09,0.54,0.567,0.573,0.575,0.538,0.575,0.573,0.565,0.569,0.56,0.5635
16:05:09,0.542,0.568,0.574,0.577,0.538,0.575,0.574,0.566,0.57,0.562,0.5646
16:10:09,0.543,0.569,0.575,0.578,0.538,0.576,0.574,0.566,0.57,0.562,0.5651
16:15:09,0.544,0.57,0.576,0.578,0.539,0.577,0.575,0.567,0.571,0.563,0.566
16:20:09,0.542,0.57,0.576,0.579,0.541,0.578,0.576,0.567,0.572,0.564,0.5665
16:25:09,0.542,0.571,0.576,0.58,0.545,0.579,0.577,0.568,0.572,0.565,0.5675
16:30:09,0.543,0.572,0.577,0.581,0.546,0.58,0.577,0.569,0.573,0.566,0.5684
16:35:09,0.543,0.573,0.578,0.582,0.542,0.581,0.579,0.571,0.574,0.567,0.569
16:40:09,0.545,0.574,0.579,0.582,0.543,0.582,0.579,0.571,0.575,0.567,0.5697
16:45:09,0.547,0.575,0.58,0.584,0.543,0.584,0.58,0.572,0.576,0.569,0.571
16:50:09,0.549,0.575,0.581,0.586,0.547,0.584,0.581,0.573,0.577,0.569,0.5722
16:55:09,0.55,0.577,0.582,0.586,0.55,0.585,0.582,0.573,0.578,0.57,0.5733
17:00:09,0.548,0.577,0.583,0.587,0.549,0.587,0.583,0.575,0.579,0.572,0.574
17:05:09,0.55,0.578,0.584,0.588,0.549,0.587,0.583,0.576,0.58,0.572,0.5747
17:10:09,0.55,0.579,0.584,0.589,0.551,0.588,0.584,0.577,0.581,0.573,0.5756
17:15:09,0.549,0.58,0.585,0.59,0.551,0.589,0.585,0.578,0.582,0.574,0.5763
17:20:09,0.549,0.581,0.586,0.591,0.551,0.591,0.585,0.579,0.583,0.575,0.5771
17:25:09,0.55,0.581,0.587,0.592,0.554,0.591,0.587,0.58,0.584,0.576,0.5782
17:30:09,0.552,0.582,0.588,0.592,0.556,0.592,0.588,0.581,0.585,0.577,0.5793
17:35:09,0.553,0.584,0.589,0.593,0.557,0.593,0.589,0.582,0.586,0.578,0.5804
17:40:09,0.554,0.585,0.589,0.595,0.558,0.594,0.59,0.583,0.587,0.579,0.5814
17:45:09,0.556,0.585,0.591,0.597,0.558,0.595,0.591,0.584,0.588,0.58,0.5825
17:50:09,0.557,0.587,0.592,0.598,0.559,0.596,0.592,0.584,0.589,0.581,0.5835
17:55:09,0.557,0.587,0.593,0.599,0.561,0.597,0.594,0.585,0.591,0.582,0.5846
18:00:09,0.557,0.588,0.594,0.6,0.559,0.598,0.594,0.587,0.591,0.583,0.5851
18:05:09,0.558,0.589,0.595,0.601,0.559,0.599,0.595,0.588,0.592,0.584,0.586
18:10:09,0.561,0.59,0.596,0.604,0.559,0.6,0.596,0.588,0.593,0.584,0.5871
18:15:09,0.562,0.59,0.597,0.605,0.561,0.601,0.597,0.589,0.594,0.585,0.5881
18:20:09,0.562,0.591,0.597,0.606,0.565,0.603,0.598,0.59,0.596,0.586,0.5894
18:25:09,0.562,0.592,0.598,0.605,0.564,0.604,0.599,0.591,0.597,0.587,0.5899
18:30:09,0.562,0.593,0.599,0.606,0.566,0.605,0.599,0.592,0.598,0.588,0.5908
18:35:09,0.562,0.594,0.6,0.607,0.567,0.606,0.601,0.593,0.599,0.589,0.5918
18:40:09,0.562,0.595,0.601,0.61,0.568,0.607,0.601,0.594,0.6,0.59,0.5928
18:45:09,0.562,0.593,0.601,0.611,0.567,0.608,0.602,0.594,0.601,0.591,0.593
18:50:09,0.565,0.596,0.603,0.613,0.568,0.609,0.604,0.595,0.602,0.592,0.5947
18:55:09,0.568,0.597,0.604,0.613,0.569,0.61,0.604,0.596,0.603,0.592,0.5956
19:00:09,0.57,0.598,0.606,0.614,0.571,0.611,0.605,0.597,0.604,0.594,0.597
19:05:09,0.574,0.598,0.607,0.615,0.572,0.612,0.606,0.598,0.606,0.594,0.5982
19:10:09,0.574,0.599,0.608,0.617,0.575,0.613,0.607,0.599,0.606,0.594,0.5992
19:15:09,0.574,0.6,0.608,0.617,0.579,0.615,0.607,0.599,0.607,0.596,0.6002
19:20:09,0.574,0.601,0.609,0.618,0.581,0.616,0.609,0.6,0.608,0.597,0.6013
19:25:09,0.575,0.602,0.61,0.618,0.583,0.616,0.609,0.601,0.609,0.598,0.6021
19:30:09,0.575,0.603,0.611,0.619,0.584,0.617,0.61,0.602,0.61,0.599,0.603
19:35:09,0.577,0.603,0.612,0.62,0.585,0.617,0.611,0.603,0.611,0.599,0.6038
19:40:09,0.579,0.604,0.613,0.621,0.587,0.619,0.612,0.603,0.612,0.6,0.605
19:45:09,0.582,0.606,0.613,0.622,0.587,0.62,0.613,0.605,0.613,0.6,0.6061
19:50:09,0.584,0.606,0.615,0.624,0.587,0.621,0.614,0.606,0.614,0.601,0.6072
19:55:09,0.585,0.607,0.615,0.624,0.587,0.621,0.615,0.606,0.615,0.602,0.6077
20:00:09,0.586,0.608,0.617,0.625,0.587,0.622,0.616,0.607,0.616,0.603,0.6087
20:05:09,0.587,0.609,0.618,0.626,0.588,0.624,0.617,0.608,0.617,0.604,0.6098
20:10:09,0.587,0.61,0.619,0.628,0.589,0.624,0.618,0.609,0.618,0.605,0.6107
20:15:09,0.589,0.61,0.62,0.628,0.591,0.625,0.618,0.61,0.619,0.606,0.6116
20:20:09,0.59,0.611,0.621,0.629,0.592,0.626,0.619,0.611,0.62,0.607,0.6126
20:25:09,0.592,0.612,0.622,0.63,0.594,0.627,0.62,0.612,0.621,0.608,0.6138
20:30:09,0.592,0.613,0.623,0.631,0.596,0.628,0.621,0.612,0.622,0.608,0.6146
20:35:09,0.592,0.614,0.624,0.631,0.597,0.629,0.622,0.614,0.622,0.609,0.6154
20:40:09,0.591,0.615,0.625,0.632,0.598,0.63,0.623,0.614,0.623,0.61,0.6161
20:45:09,0.592,0.616,0.625,0.633,0.598,0.63,0.624,0.615,0.625,0.611,0.6169
20:50:09,0.592,0.616,0.626,0.633,0.599,0.631,0.625,0.615,0.625,0.611,0.6173
20:55:09,0.596,0.617,0.627,0.632,0.602,0.633,0.626,0.617,0.627,0.613,0.619
21:00:09,0.598,0.618,0.628,0.633,0.604,0.633,0.627,0.617,0.627,0.613,0.6198
21:05:09,0.601,0.619,0.629,0.635,0.604,0.634,0.627,0.618,0.628,0.614,0.6209
21:10:09,0.603,0.619,0.63,0.635,0.606,0.634,0.628,0.619,0.63,0.615,0.6219
21:15:09,0.604,0.62,0.631,0.637,0.607,0.635,0.629,0.62,0.631,0.616,0.623
21:20:08,0.607,0.621,0.632,0.638,0.608,0.636,0.63,0.621,0.631,0.616,0.624
21:25:09,0.608,0.622,0.633,0.638,0.609,0.637,0.631,0.622,0.632,0.617,0.6249
21:30:09,0.611,0.623,0.634,0.64,0.61,0.638,0.632,0.622,0.633,0.618,0.6261
21:35:09,0.611,0.624,0.635,0.64,0.612,0.638,0.633,0.623,0.634,0.619,0.6269
21:40:09,0.612,0.625,0.636,0.641,0.614,0.639,0.634,0.624,0.635,0.62,0.628
21:45:09,0.613,0.626,0.637,0.642,0.615,0.64,0.635,0.625,0.636,0.621,0.629
21:50:09,0.613,0.626,0.638,0.642,0.616,0.641,0.635,0.625,0.637,0.621,0.6294
21:55:09,0.613,0.627,0.639,0.643,0.617,0.642,0.636,0.626,0.638,0.622,0.6303
22:00:09,0.613,0.627,0.639,0.643,0.619,0.642,0.637,0.626,0.639,0.623,0.6308
22:05:09,0.615,0.629,0.64,0.645,0.619,0.643,0.638,0.627,0.64,0.623,0.6319
22:10:09,0.618,0.629,0.641,0.647,0.62,0.645,0.638,0.628,0.64,0.624,0.633
22:15:09,0.619,0.63,0.642,0.647,0.621,0.645,0.639,0.628,0.641,0.625,0.6337
22:20:09,0.621,0.631,0.643,0.648,0.623,0.646,0.64,0.629,0.642,0.626,0.6349
22:25:09,0.623,0.632,0.644,0.649,0.624,0.646,0.641,0.63,0.642,0.627,0.6358
22:30:09,0.624,0.633,0.644,0.648,0.626,0.648,0.642,0.631,0.644,0.627,0.6367
22:35:09,0.624,0.634,0.645,0.648,0.627,0.648,0.642,0.631,0.645,0.629,0.6373
22:40:09,0.625,0.634,0.646,0.647,0.629,0.649,0.643,0.632,0.646,0.629,0.638
22:45:09,0.626,0.635,0.647,0.649,0.63,0.65,0.644,0.633,0.647,0.63,0.6391
22:50:09,0.626,0.636,0.648,0.649,0.632,0.651,0.645,0.634,0.648,0.63,0.6399
22:55:09,0.627,0.638,0.649,0.651,0.634,0.651,0.646,0.635,0.648,0.631,0.641
23:00:09,0.628,0.638,0.65,0.652,0.636,0.653,0.647,0.635,0.65,0.632,0.6421
23:05:09,0.629,0.639,0.651,0.653,0.637,0.653,0.647,0.636,0.65,0.633,0.6428
23:10:09,0.631,0.64,0.652,0.653,0.638,0.654,0.648,0.637,0.651,0.634,0.6438
23:15:09,0.632,0.641,0.653,0.654,0.64,0.655,0.649,0.638,0.652,0.635,0.6449
23:20:09,0.633,0.642,0.654,0.655,0.64,0.656,0.65,0.638,0.652,0.636,0.6456
23:25:09,0.631,0.643,0.654,0.657,0.642,0.656,0.651,0.639,0.653,0.636,0.6462
23:30:09,0.631,0.644,0.655,0.656,0.643,0.657,0.652,0.64,0.655,0.637,0.647
23:35:09,0.631,0.644,0.656,0.657,0.644,0.658,0.652,0.641,0.655,0.638,0.6476
23:40:09,0.633,0.645,0.657,0.659,0.645,0.659,0.653,0.641,0.656,0.638,0.6486
23:45:09,0.635,0.646,0.657,0.658,0.646,0.66,0.654,0.642,0.656,0.639,0.6493
23:50:09,0.637,0.647,0.658,0.659,0.647,0.66,0.655,0.643,0.658,0.64,0.6504
23:55:09,0.639,0.647,0.659,0.66,0.648,0.661,0.656,0.644,0.658,0.641,0.6513
24:00:09,0.641,0.648,0.66,0.662,0.649,0.662,0.657,0.645,0.659,0.641,0.6524
24:05:09,0.643,0.649,0.661,0.664,0.65,0.663,0.657,0.645,0.66,0.642,0.6534
24:10:09,0.645,0.649,0.662,0.666,0.651,0.663,0.659,0.646,0.66,0.643,0.6544
24:15:09,0.645,0.651,0.663,0.666,0.651,0.664,0.659,0.648,0.661,0.644,0.6552
24:20:09,0.645,0.651,0.664,0.665,0.653,0.665,0.66,0.648,0.662,0.645,0.6558
24:25:09,0.646,0.652,0.664,0.666,0.655,0.666,0.661,0.649,0.663,0.646,0.6568
24:30:09,0.645,0.653,0.665,0.668,0.657,0.666,0.661,0.65,0.664,0.646,0.6575
24:35:09,0.646,0.654,0.666,0.669,0.659,0.667,0.662,0.651,0.665,0.647,0.6586
24:40:09,0.649,0.655,0.667,0.67,0.661,0.668,0.662,0.652,0.665,0.648,0.6597
24:45:09,0.652,0.656,0.668,0.67,0.663,0.669,0.664,0.652,0.666,0.648,0.6608
24:50:09,0.653,0.656,0.669,0.672,0.663,0.67,0.664,0.653,0.667,0.649,0.6616
24:55:09,0.654,0.657,0.67,0.67,0.665,0.67,0.665,0.654,0.668,0.649,0.6622
25:00:09,0.654,0.658,0.67,0.673,0.666,0.672,0.666,0.655,0.669,0.65,0.6633
25:05:09,0.653,0.659,0.671,0.675,0.666,0.672,0.667,0.656,0.669,0.65,0.6638
25:10:09,0.653,0.66,0.672,0.676,0.667,0.673,0.668,0.657,0.67,0.651,0.6647
25:15:08,0.654,0.66,0.672,0.676,0.668,0.674,0.669,0.657,0.67,0.652,0.6652
25:20:09,0.654,0.662,0.673,0.675,0.669,0.675,0.669,0.658,0.671,0.652,0.6658
25:25:09,0.656,0.663,0.674,0.676,0.671,0.675,0.67,0.658,0.672,0.653,0.6668
25:30:09,0.658,0.663,0.675,0.678,0.673,0.677,0.671,0.66,0.673,0.654,0.6682
25:35:09,0.66,0.664,0.676,0.677,0.674,0.677,0.671,0.66,0.673,0.654,0.6686
25:40:09,0.66,0.665,0.676,0.679,0.674,0.678,0.672,0.661,0.674,0.655,0.6694
25:45:09,0.662,0.665,0.677,0.68,0.674,0.679,0.673,0.663,0.674,0.656,0.6703
25:50:09,0.662,0.666,0.678,0.681,0.675,0.679,0.674,0.663,0.676,0.656,0.671
25:55:09,0.663,0.668,0.679,0.682,0.675,0.681,0.675,0.664,0.676,0.657,0.672
26:00:09,0.663,0.668,0.68,0.683,0.677,0.682,0.676,0.665,0.677,0.657,0.6728
26:05:09,0.663,0.669,0.681,0.683,0.679,0.683,0.677,0.665,0.677,0.658,0.6735
26:10:09,0.664,0.67,0.682,0.683,0.68,0.683,0.678,0.666,0.678,0.659,0.6743
26:15:09,0.666,0.671,0.683,0.685,0.682,0.684,0.678,0.667,0.679,0.659,0.6754
26:20:09,0.668,0.672,0.683,0.686,0.683,0.685,0.679,0.669,0.68,0.659,0.6764
26:25:09,0.67,0.673,0.684,0.688,0.683,0.686,0.68,0.669,0.681,0.66,0.6774
26:30:09,0.671,0.674,0.684,0.689,0.683,0.686,0.682,0.669,0.682,0.661,0.6781
26:35:09,0.671,0.674,0.686,0.69,0.683,0.687,0.682,0.671,0.682,0.661,0.6787
26:40:09,0.671,0.675,0.686,0.69,0.684,0.688,0.683,0.671,0.683,0.662,0.6793
26:45:09,0.671,0.676,0.687,0.691,0.685,0.689,0.683,0.672,0.684,0.662,0.68
26:50:09,0.67,0.677,0.688,0.691,0.686,0.689,0.684,0.673,0.685,0.663,0.6806
26:55:09,0.668,0.676,0.688,0.693,0.687,0.689,0.685,0.673,0.684,0.662,0.6805
27:00:09,0.671,0.679,0.69,0.693,0.69,0.691,0.686,0.674,0.686,0.664,0.6824
27:05:09,0.675,0.679,0.691,0.694,0.691,0.692,0.687,0.676,0.686,0.664,0.6835
27:10:09,0.677,0.68,0.692,0.696,0.693,0.693,0.688,0.676,0.687,0.666,0.6848
27:15:09,0.679,0.68,0.692,0.696,0.693,0.693,0.688,0.678,0.688,0.665,0.6852
27:20:09,0.679,0.682,0.693,0.697,0.694,0.694,0.689,0.677,0.69,0.666,0.6861
27:25:09,0.681,0.683,0.694,0.699,0.695,0.695,0.69,0.678,0.691,0.667,0.6873
27:30:09,0.681,0.684,0.694,0.7,0.697,0.696,0.691,0.679,0.692,0.667,0.6881
27:35:09,0.681,0.684,0.695,0.701,0.698,0.697,0.691,0.68,0.692,0.667,0.6886
27:40:09,0.681,0.685,0.695,0.702,0.699,0.697,0.692,0.681,0.694,0.668,0.6894
27:45:08,0.682,0.686,0.696,0.704,0.7,0.698,0.694,0.682,0.694,0.669,0.6905
27:50:09,0.683,0.686,0.698,0.705,0.7,0.699,0.694,0.683,0.695,0.669,0.6912
27:55:09,0.685,0.687,0.698,0.706,0.7,0.7,0.695,0.683,0.696,0.67,0.692
28:00:09,0.685,0.688,0.698,0.707,0.701,0.7,0.696,0.684,0.696,0.67,0.6925
28:05:09,0.686,0.689,0.699,0.708,0.702,0.701,0.697,0.685,0.697,0.67,0.6934
28:10:09,0.687,0.69,0.7,0.708,0.703,0.702,0.697,0.686,0.698,0.671,0.6942
28:15:09,0.688,0.691,0.702,0.71,0.703,0.703,0.698,0.686,0.699,0.671,0.6951
28:20:09,0.689,0.692,0.701,0.711,0.704,0.704,0.699,0.687,0.7,0.672,0.6959
28:25:09,0.689,0.692,0.702,0.712,0.704,0.705,0.7,0.688,0.701,0.672,0.6965
28:30:09,0.691,0.693,0.703,0.712,0.706,0.705,0.701,0.688,0.702,0.673,0.6974
28:35:09,0.691,0.694,0.704,0.713,0.706,0.706,0.701,0.69,0.702,0.673,0.698
28:40:09,0.692,0.694,0.704,0.713,0.707,0.707,0.702,0.69,0.703,0.674,0.6986
28:45:09,0.694,0.695,0.705,0.714,0.708,0.707,0.703,0.691,0.704,0.674,0.6995
28:50:09,0.694,0.696,0.706,0.715,0.708,0.708,0.705,0.692,0.706,0.675,0.7005
28:55:09,0.695,0.697,0.705,0.716,0.708,0.708,0.704,0.692,0.706,0.675,0.7006
29:00:09,0.697,0.698,0.707,0.717,0.708,0.709,0.705,0.693,0.707,0.676,0.7017
29:05:09,0.697,0.698,0.707,0.717,0.709,0.71,0.706,0.695,0.708,0.676,0.7023
29:10:09,0.698,0.699,0.708,0.718,0.71,0.71,0.707,0.696,0.707,0.677,0.703
29:15:09,0.699,0.7,0.709,0.719,0.711,0.711,0.707,0.696,0.708,0.677,0.7037
29:20:09,0.699,0.701,0.709,0.719,0.713,0.712,0.709,0.698,0.71,0.678,0.7048
29:25:09,0.699,0.701,0.711,0.72,0.715,0.713,0.709,0.698,0.71,0.678,0.7054
29:30:09,0.699,0.702,0.712,0.721,0.716,0.714,0.708,0.698,0.711,0.678,0.7059
29:35:09,0.701,0.703,0.713,0.722,0.717,0.714,0.71,0.699,0.712,0.679,0.707
29:40:09,0.702,0.704,0.713,0.723,0.719,0.715,0.711,0.7,0.714,0.68,0.7081
29:45:09,0.703,0.704,0.714,0.725,0.719,0.716,0.712,0.701,0.715,0.68,0.7089
29:50:09,0.704,0.705,0.714,0.725,0.718,0.717,0.713,0.702,0.715,0.68,0.7093
29:55:09,0.705,0.706,0.716,0.725,0.718,0.717,0.714,0.703,0.717,0.681,0.7102
30:00:09,0.706,0.707,0.716,0.726,0.719,0.718,0.714,0.703,0.718,0.682,0.7109
30:05:09,0.707,0.708,0.717,0.727,0.72,0.718,0.716,0.704,0.718,0.682,0.7117
30:10:09,0.707,0.709,0.717,0.729,0.719,0.719,0.716,0.705,0.72,0.683,0.7124
30:15:09,0.709,0.71,0.718,0.73,0.721,0.72,0.717,0.706,0.72,0.683,0.7134
30:20:09,0.707,0.71,0.72,0.731,0.721,0.72,0.717,0.707,0.72,0.684,0.7137
30:25:09,0.708,0.711,0.72,0.732,0.722,0.722,0.719,0.708,0.72,0.684,0.7146
30:30:09,0.709,0.712,0.72,0.733,0.723,0.723,0.72,0.709,0.721,0.684,0.7154
30:35:09,0.71,0.713,0.722,0.733,0.724,0.724,0.72,0.709,0.722,0.685,0.7162
30:40:09,0.711,0.712,0.721,0.734,0.725,0.725,0.72,0.71,0.722,0.685,0.7165
30:45:09,0.713,0.714,0.722,0.736,0.726,0.727,0.722,0.711,0.724,0.686,0.7181
30:50:09,0.715,0.715,0.723,0.736,0.726,0.727,0.723,0.711,0.725,0.686,0.7187
30:55:09,0.715,0.716,0.724,0.736,0.726,0.728,0.724,0.713,0.725,0.687,0.7194
31:00:09,0.716,0.717,0.725,0.737,0.727,0.729,0.724,0.713,0.725,0.687,0.72
31:05:09,0.716,0.718,0.726,0.739,0.729,0.729,0.725,0.714,0.726,0.688,0.721
31:10:09,0.715,0.718,0.726,0.739,0.731,0.73,0.725,0.714,0.727,0.688,0.7213
31:15:09,0.717,0.72,0.727,0.74,0.732,0.731,0.726,0.715,0.729,0.689,0.7226
31:20:09,0.717,0.721,0.728,0.742,0.732,0.732,0.727,0.716,0.729,0.689,0.7233
31:25:09,0.718,0.721,0.728,0.742,0.733,0.732,0.728,0.717,0.729,0.691,0.7239
31:30:09,0.718,0.722,0.73,0.742,0.732,0.733,0.727,0.716,0.731,0.69,0.7241
31:35:09,0.718,0.722,0.73,0.743,0.732,0.734,0.729,0.718,0.73,0.691,0.7247
31:40:09,0.721,0.723,0.73,0.744,0.733,0.735,0.73,0.72,0.733,0.692,0.7261
31:45:08,0.72,0.724,0.732,0.744,0.733,0.736,0.729,0.72,0.733,0.692,0.7263
31:50:09,0.722,0.725,0.732,0.744,0.733,0.737,0.732,0.721,0.733,0.692,0.7271
31:55:09,0.722,0.725,0.733,0.746,0.734,0.737,0.732,0.721,0.733,0.693,0.7276
32:00:09,0.723,0.727,0.733,0.747,0.735,0.738,0.733,0.723,0.734,0.693,0.7286
32:05:09,0.724,0.726,0.734,0.747,0.735,0.739,0.734,0.724,0.734,0.694,0.7291
32:10:09,0.722,0.727,0.735,0.748,0.735,0.739,0.734,0.723,0.735,0.694,0.7292
32:15:09,0.723,0.729,0.736,0.748,0.736,0.74,0.736,0.725,0.736,0.694,0.7303
32:20:09,0.724,0.729,0.737,0.749,0.736,0.741,0.736,0.725,0.737,0.695,0.7309
32:25:09,0.725,0.73,0.737,0.751,0.738,0.742,0.737,0.727,0.737,0.695,0.7319
32:30:09,0.724,0.729,0.737,0.751,0.739,0.743,0.737,0.727,0.739,0.695,0.7321
32:35:09,0.726,0.731,0.739,0.753,0.739,0.742,0.737,0.728,0.74,0.696,0.7331
32:40:09,0.727,0.732,0.74,0.754,0.739,0.744,0.738,0.729,0.738,0.696,0.7337
32:45:09,0.728,0.733,0.74,0.754,0.739,0.744,0.739,0.73,0.741,0.697,0.7345
32:50:09,0.729,0.734,0.741,0.754,0.74,0.745,0.739,0.73,0.74,0.697,0.7349
32:55:09,0.729,0.735,0.741,0.754,0.741,0.746,0.739,0.73,0.74,0.697,0.7352
33:00:09,0.73,0.736,0.742,0.756,0.742,0.747,0.741,0.73,0.74,0.697,0.7361
33:05:09,0.731,0.736,0.742,0.756,0.742,0.747,0.741,0.732,0.741,0.698,0.7366
33:10:08,0.732,0.737,0.743,0.757,0.742,0.748,0.742,0.733,0.742,0.699,0.7375
33:15:09,0.732,0.738,0.744,0.759,0.743,0.748,0.743,0.733,0.743,0.7,0.7383
33:20:09,0.732,0.739,0.745,0.761,0.745,0.749,0.744,0.734,0.744,0.7,0.7393
33:25:09,0.733,0.74,0.745,0.761,0.745,0.75,0.744,0.734,0.744,0.7,0.7396
33:30:09,0.733,0.74,0.746,0.763,0.746,0.75,0.744,0.735,0.744,0.701,0.7402
33:35:09,0.734,0.741,0.747,0.764,0.746,0.751,0.745,0.735,0.745,0.701,0.7409
33:40:09,0.735,0.742,0.747,0.765,0.747,0.752,0.746,0.737,0.745,0.701,0.7417
33:45:09,0.736,0.742,0.748,0.767,0.747,0.753,0.746,0.736,0.746,0.702,0.7423
33:50:09,0.737,0.743,0.748,0.766,0.747,0.753,0.747,0.737,0.747,0.702,0.7427
33:55:09,0.738,0.744,0.749,0.767,0.748,0.754,0.747,0.738,0.746,0.702,0.7433
34:00:09,0.738,0.744,0.75,0.767,0.748,0.754,0.748,0.738,0.748,0.702,0.7437
34:05:09,0.739,0.745,0.75,0.769,0.749,0.755,0.749,0.739,0.747,0.703,0.7445
34:10:09,0.74,0.746,0.751,0.769,0.75,0.755,0.749,0.74,0.748,0.703,0.7451
34:15:09,0.74,0.746,0.752,0.77,0.752,0.756,0.75,0.741,0.75,0.704,0.7461
34:20:09,0.74,0.747,0.753,0.771,0.752,0.756,0.751,0.742,0.751,0.704,0.7467
34:25:09,0.741,0.748,0.753,0.772,0.753,0.757,0.751,0.741,0.75,0.704,0.747
34:30:09,0.741,0.749,0.753,0.772,0.754,0.757,0.751,0.742,0.751,0.705,0.7475
34:35:09,0.742,0.749,0.754,0.772,0.754,0.758,0.752,0.744,0.753,0.705,0.7483
34:40:09,0.743,0.75,0.755,0.773,0.754,0.759,0.753,0.744,0.752,0.706,0.7489
34:45:09,0.743,0.751,0.755,0.774,0.755,0.76,0.753,0.745,0.752,0.705,0.7493
34:50:09,0.744,0.752,0.756,0.775,0.756,0.761,0.754,0.745,0.753,0.705,0.7501
34:55:09,0.745,0.752,0.756,0.775,0.756,0.762,0.755,0.747,0.753,0.706,0.7507
35:00:09,0.746,0.752,0.757,0.776,0.757,0.762,0.754,0.747,0.753,0.707,0.7511
35:05:09,0.747,0.754,0.757,0.777,0.758,0.762,0.756,0.748,0.754,0.707,0.752
35:10:09,0.748,0.754,0.758,0.778,0.759,0.763,0.756,0.749,0.754,0.709,0.7528
35:15:09,0.749,0.754,0.759,0.779,0.758,0.764,0.756,0.75,0.755,0.709,0.7533
35:20:09,0.749,0.755,0.76,0.78,0.758,0.764,0.756,0.751,0.757,0.709,0.7539
35:25:09,0.748,0.756,0.76,0.781,0.756,0.765,0.757,0.751,0.757,0.708,0.7539
35:30:09,0.749,0.757,0.761,0.782,0.757,0.766,0.757,0.751,0.756,0.708,0.7544
35:35:09,0.749,0.757,0.761,0.783,0.759,0.766,0.758,0.752,0.758,0.708,0.7551
35:40:09,0.75,0.758,0.762,0.783,0.759,0.767,0.759,0.752,0.758,0.71,0.7558
35:45:09,0.751,0.759,0.763,0.782,0.76,0.767,0.76,0.753,0.758,0.709,0.7562
35:50:09,0.75,0.76,0.763,0.783,0.761,0.768,0.76,0.753,0.76,0.71,0.7568
35:55:09,0.751,0.76,0.763,0.784,0.761,0.769,0.761,0.754,0.759,0.71,0.7572
36:00:09,0.751,0.76,0.764,0.785,0.76,0.769,0.76,0.754,0.76,0.71,0.7573
36:05:09,0.752,0.761,0.765,0.786,0.759,0.77,0.761,0.755,0.761,0.711,0.7581
36:10:09,0.753,0.762,0.766,0.788,0.759,0.77,0.762,0.756,0.761,0.711,0.7588
36:15:09,0.754,0.763,0.766,0.788,0.76,0.771,0.761,0.756,0.763,0.711,0.7593
36:20:09,0.755,0.763,0.767,0.789,0.762,0.771,0.762,0.757,0.762,0.712,0.76
36:25:09,0.756,0.763,0.767,0.789,0.763,0.772,0.763,0.757,0.764,0.712,0.7606
36:30:09,0.756,0.764,0.767,0.79,0.765,0.772,0.764,0.759,0.764,0.712,0.7613
36:35:09,0.758,0.765,0.768,0.79,0.766,0.773,0.763,0.758,0.764,0.712,0.7617
36:40:09,0.758,0.766,0.769,0.79,0.766,0.773,0.763,0.759,0.765,0.713,0.7622
36:45:09,0.759,0.766,0.769,0.792,0.765,0.774,0.764,0.76,0.765,0.713,0.7627
36:50:09,0.759,0.767,0.77,0.792,0.763,0.774,0.764,0.76,0.766,0.713,0.7628
36:55:09,0.76,0.767,0.77,0.793,0.763,0.775,0.764,0.762,0.766,0.714,0.7634
37:00:09,0.761,0.768,0.77,0.793,0.765,0.775,0.764,0.762,0.767,0.714,0.7639
37:05:09,0.761,0.769,0.771,0.794,0.768,0.776,0.766,0.763,0.769,0.714,0.7651
37:10:09,0.762,0.769,0.772,0.795,0.77,0.776,0.765,0.763,0.768,0.714,0.7654
37:15:09,0.762,0.77,0.772,0.793,0.772,0.777,0.767,0.763,0.768,0.715,0.7659
37:20:09,0.763,0.769,0.77,0.795,0.773,0.776,0.763,0.762,0.767,0.713,0.7651
37:25:09,0.765,0.77,0.773,0.795,0.773,0.777,0.764,0.765,0.768,0.716,0.7666
37:30:09,0.765,0.771,0.774,0.796,0.772,0.778,0.765,0.766,0.77,0.717,0.7674
37:35:09,0.766,0.772,0.774,0.797,0.774,0.779,0.768,0.767,0.771,0.717,0.7685
37:40:09,0.767,0.772,0.774,0.797,0.776,0.779,0.767,0.767,0.772,0.717,0.7688
37:45:09,0.768,0.772,0.775,0.799,0.778,0.78,0.766,0.767,0.772,0.717,0.7694
37:50:09,0.769,0.773,0.775,0.8,0.779,0.78,0.768,0.768,0.773,0.717,0.7702
37:55:09,0.769,0.773,0.775,0.8,0.781,0.78,0.768,0.768,0.772,0.717,0.7703
38:00:09,0.77,0.773,0.776,0.802,0.784,0.781,0.768,0.769,0.774,0.718,0.7715
38:05:09,0.771,0.774,0.777,0.803,0.786,0.781,0.767,0.769,0.774,0.718,0.772
38:10:09,0.772,0.775,0.778,0.805,0.787,0.782,0.768,0.77,0.774,0.719,0.773
38:15:09,0.773,0.775,0.778,0.806,0.788,0.782,0.767,0.77,0.775,0.719,0.7733
38:20:09,0.773,0.776,0.779,0.806,0.789,0.782,0.769,0.771,0.775,0.72,0.774
38:25:09,0.773,0.776,0.779,0.806,0.788,0.783,0.771,0.772,0.776,0.72,0.7744
38:30:09,0.773,0.777,0.78,0.807,0.789,0.784,0.769,0.772,0.776,0.72,0.7747
38:35:09,0.774,0.777,0.781,0.807,0.791,0.784,0.77,0.773,0.776,0.721,0.7754
38:40:09,0.775,0.777,0.781,0.807,0.795,0.785,0.77,0.773,0.777,0.721,0.7761
38:45:09,0.775,0.778,0.782,0.807,0.799,0.784,0.77,0.774,0.777,0.721,0.7767
38:50:09,0.775,0.779,0.782,0.808,0.801,0.785,0.771,0.774,0.778,0.721,0.7774
38:55:09,0.775,0.78,0.782,0.808,0.803,0.786,0.771,0.774,0.777,0.721,0.7777
39:00:09,0.775,0.78,0.783,0.808,0.804,0.786,0.771,0.774,0.778,0.721,0.778
39:05:09,0.774,0.78,0.783,0.809,0.806,0.786,0.777,0.775,0.779,0.722,0.7791
39:10:09,0.774,0.78,0.783,0.809,0.806,0.787,0.773,0.775,0.779,0.722,0.7788
39:15:09,0.775,0.781,0.783,0.809,0.806,0.787,0.775,0.776,0.781,0.722,0.7795
39:20:09,0.775,0.781,0.784,0.809,0.81,0.788,0.776,0.776,0.782,0.723,0.7804
39:25:09,0.775,0.782,0.784,0.808,0.812,0.788,0.778,0.777,0.782,0.723,0.7809
39:30:09,0.776,0.782,0.785,0.809,0.814,0.789,0.778,0.777,0.782,0.723,0.7815
39:35:09,0.776,0.782,0.786,0.809,0.816,0.789,0.778,0.777,0.782,0.723,0.7818
39:40:09,0.777,0.782,0.786,0.81,0.817,0.789,0.779,0.778,0.783,0.723,0.7824
39:45:09,0.777,0.783,0.787,0.811,0.819,0.79,0.779,0.778,0.784,0.724,0.7832
39:50:09,0.777,0.782,0.786,0.811,0.82,0.79,0.781,0.78,0.784,0.724,0.7835
39:55:09,0.778,0.783,0.787,0.812,0.825,0.791,0.783,0.78,0.786,0.725,0.785
40:00:09,0.778,0.783,0.788,0.814,0.929,0.791,0.782,0.781,0.786,0.725,0.7957
40:05:09,0.778,0.783,0.788,0.814,0.936,0.791,0.781,0.78,0.786,0.725,0.7962
40:10:09,0.777,0.784,0.789,0.815,0.92,0.791,0.784,0.78,0.787,0.724,0.7951
40:15:09,0.777,0.785,0.79,0.816,0.912,0.793,0.786,0.782,0.788,0.726,0.7955
40:20:09,0.778,0.785,0.79,0.817,0.903,0.792,0.785,0.781,0.788,0.725,0.7944
40:25:09,0.779,0.786,0.79,0.818,0.897,0.793,0.786,0.782,0.789,0.726,0.7946
40:30:09,0.78,0.785,0.791,0.819,0.894,0.793,0.787,0.782,0.79,0.726,0.7947
40:35:09,0.781,0.786,0.791,0.82,0.893,0.794,0.787,0.782,0.79,0.726,0.795
40:40:09,0.78,0.786,0.792,0.82,0.893,0.794,0.788,0.783,0.791,0.727,0.7954
40:45:09,0.781,0.786,0.792,0.822,0.891,0.795,0.789,0.783,0.792,0.727,0.7958
40:50:09,0.781,0.787,0.793,0.822,0.89,0.795,0.791,0.782,0.792,0.727,0.796
40:55:09,0.78,0.787,0.792,0.823,0.892,0.795,0.792,0.782,0.792,0.727,0.7962
41:00:09,0.78,0.787,0.793,0.825,0.893,0.796,0.792,0.782,0.792,0.728,0.7968
41:05:08,0.782,0.787,0.793,0.825,0.897,0.796,0.792,0.783,0.794,0.728,0.7977
41:10:09,0.782,0.787,0.793,0.826,0.901,0.796,0.793,0.782,0.794,0.729,0.7983
41:15:09,0.782,0.788,0.794,0.827,0.891,0.797,0.794,0.783,0.794,0.728,0.7978
41:20:09,0.781,0.788,0.794,0.829,0.893,0.797,0.794,0.785,0.794,0.729,0.7984
41:25:09,0.781,0.788,0.794,0.829,0.851,0.797,0.794,0.785,0.796,0.729,0.7944
41:30:09,0.782,0.789,0.795,0.83,0.866,0.797,0.794,0.785,0.796,0.729,0.7963
41:35:09,0.783,0.789,0.794,0.831,0.871,0.798,0.796,0.786,0.796,0.729,0.7973
41:40:09,0.784,0.789,0.794,0.832,0.851,0.798,0.796,0.786,0.797,0.729,0.7956
41:45:09,0.784,0.79,0.796,0.833,0.846,0.798,0.796,0.786,0.798,0.73,0.7957
41:50:09,0.786,0.79,0.795,0.834,0.859,0.799,0.796,0.786,0.798,0.731,0.7974
41:55:09,0.786,0.79,0.796,0.835,0.857,0.799,0.799,0.787,0.799,0.73,0.7978
42:00:09,0.787,0.79,0.797,0.837,0.852,0.799,0.799,0.786,0.799,0.73,0.7976
42:05:09,0.787,0.79,0.797,0.838,0.85,0.8,0.799,0.786,0.8,0.73,0.7977
42:10:09,0.787,0.79,0.797,0.839,0.859,0.8,0.799,0.787,0.8,0.731,0.7989
42:15:09,0.788,0.79,0.797,0.841,0.861,0.8,0.8,0.787,0.8,0.731,0.7995
42:20:09,0.787,0.79,0.799,0.844,0.869,0.801,0.802,0.788,0.801,0.732,0.8013
42:25:09,0.788,0.79,0.798,0.846,0.877,0.802,0.801,0.788,0.801,0.731,0.8022
42:30:09,0.788,0.79,0.799,0.846,0.874,0.802,0.802,0.789,0.802,0.732,0.8024
42:35:09,0.791,0.79,0.799,0.847,0.875,0.802,0.802,0.789,0.803,0.731,0.8029
42:40:09,0.791,0.791,0.798,0.851,0.884,0.803,0.802,0.79,0.804,0.732,0.8046
42:45:09,0.793,0.79,0.799,0.853,0.886,0.803,0.803,0.79,0.804,0.731,0.8052
42:50:09,0.793,0.791,0.801,0.854,0.885,0.804,0.803,0.79,0.803,0.731,0.8055
42:55:09,0.794,0.79,0.8,0.855,0.88,0.804,0.804,0.792,0.805,0.732,0.8056
43:00:09,0.795,0.791,0.801,0.857,0.883,0.805,0.804,0.792,0.805,0.732,0.8065
43:05:09,0.797,0.79,0.801,0.859,0.882,0.805,0.803,0.792,0.805,0.732,0.8066
43:10:09,0.798,0.791,0.8,0.86,0.881,0.805,0.804,0.793,0.807,0.732,0.8071
43:15:09,0.798,0.791,0.801,0.86,0.881,0.806,0.805,0.793,0.808,0.733,0.8076
43:20:09,0.799,0.79,0.802,0.861,0.882,0.806,0.804,0.793,0.806,0.734,0.8077
43:25:09,0.801,0.791,0.801,0.863,0.882,0.806,0.805,0.794,0.807,0.734,0.8084
43:30:09,0.802,0.791,0.803,0.864,0.883,0.805,0.806,0.794,0.808,0.734,0.809
43:35:09,0.803,0.791,0.803,0.864,0.883,0.805,0.805,0.795,0.808,0.734,0.8091
43:40:09,0.804,0.792,0.801,0.866,0.885,0.805,0.806,0.795,0.808,0.734,0.8096
43:45:09,0.805,0.792,0.803,0.867,0.886,0.804,0.806,0.795,0.808,0.734,0.81
43:50:09,0.805,0.792,0.803,0.868,0.888,0.804,0.806,0.795,0.809,0.734,0.8104
43:55:09,0.806,0.792,0.803,0.868,0.886,0.804,0.806,0.796,0.81,0.734,0.8105
44:00:09,0.809,0.792,0.804,0.869,0.886,0.805,0.806,0.796,0.81,0.734,0.8111
44:05:09,0.81,0.793,0.803,0.871,0.888,0.805,0.807,0.797,0.81,0.735,0.8119
44:10:09,0.81,0.793,0.804,0.871,0.891,0.805,0.807,0.797,0.811,0.735,0.8124
44:15:09,0.813,0.793,0.804,0.872,0.891,0.806,0.807,0.798,0.811,0.734,0.8129
44:20:09,0.814,0.793,0.803,0.873,0.89,0.805,0.808,0.798,0.812,0.734,0.813
44:25:09,0.814,0.793,0.805,0.872,0.894,0.806,0.808,0.799,0.812,0.736,0.8139
44:30:09,0.815,0.794,0.804,0.873,0.894,0.806,0.809,0.8,0.812,0.736,0.8143
44:35:09,0.817,0.795,0.804,0.875,0.894,0.806,0.808,0.8,0.813,0.735,0.8147
44:40:09,0.818,0.795,0.805,0.877,0.893,0.806,0.809,0.8,0.813,0.736,0.8152
44:45:09,0.819,0.796,0.805,0.877,0.894,0.807,0.809,0.801,0.814,0.736,0.8158
44:50:09,0.819,0.795,0.806,0.878,0.896,0.806,0.81,0.8,0.814,0.736,0.816
44:55:09,0.821,0.796,0.805,0.879,0.895,0.806,0.81,0.801,0.813,0.736,0.8162
45:00:09,0.822,0.796,0.805,0.88,0.895,0.807,0.811,0.802,0.816,0.736,0.817
45:05:09,0.822,0.797,0.806,0.881,0.896,0.808,0.811,0.802,0.815,0.736,0.8174
45:10:09,0.824,0.797,0.806,0.881,0.897,0.807,0.811,0.802,0.815,0.737,0.8177
45:15:09,0.824,0.797,0.807,0.882,0.898,0.808,0.811,0.803,0.816,0.736,0.8182
45:20:09,0.824,0.798,0.807,0.883,0.898,0.808,0.811,0.803,0.816,0.736,0.8184
45:25:09,0.827,0.798,0.807,0.885,0.9,0.808,0.812,0.803,0.816,0.736,0.8192