founder,replicate,day,cfuml,percent_large,percent_small,percent_total,frac_large,frac_small,num_large,num_small
SBW25,3,0,1766666667,100,0,100,1,0,1766666667,0
SBW25,4,0,1986666667,100,0,100,1,0,1986666667,0
delserCGA,3,0,686666666.7,0,100,100,0,1,0,686666666.7
delserCGA,4,0,1406666667,0,100,100,0,1,0,1406666667
delEGEG,3,0,800000000,0,100,100,0,1,0,800000000
delEGEG,4,0,740000000,0,100,100,0,1,0,740000000
SBW25,3,1,3173333333,100,0,100,1,0,3173333333,0
SBW25,4,1,3593333333,100,0,100,1,0,3593333333,0
delserCGA,3,1,3773333333,0,100,100,0,1,0,3773333333
delserCGA,4,1,5586666667,0,100,100,0,1,0,5586666667
delEGEG,3,1,2533333333,0,100,100,0,1,0,2533333333
delEGEG,4,1,2340000000,0,100,100,0,1,0,2340000000
SBW25,3,2,1720000000,100,0,100,1,0,1720000000,0
SBW25,4,2,1860000000,100,0,100,1,0,1860000000,0
delserCGA,3,2,2186666667,0,100,100,0,1,0,2186666667
delserCGA,4,2,2380000000,0,100,100,0,1,0,2380000000
delEGEG,3,2,1773333333,0,100,100,0,1,0,1773333333
delEGEG,4,2,2090000000,0,100,100,0,1,0,2090000000
SBW25,3,3,2752000000,100,0,100,1,0,2752000000,0
SBW25,4,3,2912000000,100,0,100,1,0,2912000000,0
delserCGA,3,3,3112000000,0,100,100,0,1,0,3112000000
delserCGA,4,3,2904000000,0,100,100,0,1,0,2904000000
delEGEG,3,3,2632000000,0,100,100,0,1,0,2632000000
delEGEG,4,3,2744000000,0,100,100,0,1,0,2744000000
SBW25,3,4,5104000000,99.68652038,0.313479624,100,0.996865204,0.003134796,5088000000,16000000
SBW25,4,4,5976000000,99.59839357,0.401606426,100,0.995983936,0.004016064,5952000000,24000000
delserCGA,3,4,4504000000,0.177619893,99.82238011,100,0.001776199,0.998223801,8000000,4496000000
delserCGA,4,4,4504000000,0.355239787,99.64476021,100,0.003552398,0.996447602,16000000,4488000000
delEGEG,3,4,5144000000,0.933125972,99.06687403,100,0.00933126,0.99066874,48000000,5096000000
delEGEG,4,4,3776000000,0.423728814,99.57627119,100,0.004237288,0.995762712,16000000,3760000000
SBW25,3,6,2280000000,100,0,100,1,0,2280000000,0
SBW25,4,6,2016000000,100,0,100,1,0,2016000000,0
delserCGA,3,6,1768000000,2.262443439,97.73755656,100,0.022624434,0.977375566,40000000,1728000000
delserCGA,4,6,1496000000,0.534759358,99.46524064,100,0.005347594,0.994652406,8000000,1488000000
delEGEG,3,6,3706666667,0,100,100,0,1,0,3706666667
delEGEG,4,6,2704000000,0,100,100,0,1,0,2704000000
SBW25,3,7,3344000000,100,0,100,1,0,3344000000,0
SBW25,4,7,4096000000,100,0,100,1,0,4096000000,0
delserCGA,3,7,2408000000,4.318936877,95.68106312,100,0.043189369,0.956810631,104000000,2304000000
delserCGA,4,7,2384000000,3.355704698,96.6442953,100,0.033557047,0.966442953,80000000,2304000000
delEGEG,3,7,4064000000,0.196850394,99.80314961,100,0.001968504,0.998031496,8000000,4056000000
delEGEG,4,7,4424000000,0.361663653,99.63833635,100,0.003616637,0.996383363,16000000,4408000000
SBW25,3,8,2216000000,100,0,100,1,0,2216000000,0
SBW25,4,8,1792000000,100,0,100,1,0,1792000000,0
delserCGA,3,8,1464000000,15.30054645,84.69945355,100,0.153005464,0.846994536,224000000,1240000000
delserCGA,4,8,1128000000,14.89361702,85.10638298,100,0.14893617,0.85106383,168000000,960000000
delEGEG,3,8,2512000000,0.318471338,99.68152866,100,0.003184713,0.996815287,8000000,2504000000
delEGEG,4,8,1160000000,0,100,100,0,1,0,1160000000
SBW25,3,9,2160000000,100,0,100,1,0,2160000000,0
SBW25,4,9,2456000000,100,0,100,1,0,2456000000,0
delserCGA,3,9,1888000000,40.25423729,59.74576271,100,0.402542373,0.597457627,760000000,1128000000
delserCGA,4,9,1432000000,36.31284916,63.68715084,100,0.363128492,0.636871508,520000000,912000000
delEGEG,3,9,1704000000,2.34741784,97.65258216,100,0.023474178,0.976525822,40000000,1664000000
delEGEG,4,9,1840000000,2.608695652,97.39130435,100,0.026086957,0.973913043,48000000,1792000000
SBW25,3,10,2320000000,100,0,100,1,0,2320000000,0
SBW25,4,10,2240000000,100,0,100,1,0,2240000000,0
delserCGA,3,10,1392000000,56.32183908,43.67816092,100,0.563218391,0.436781609,784000000,608000000
delserCGA,4,10,1488000000,58.06451613,41.93548387,100,0.580645161,0.419354839,864000000,624000000
delEGEG,3,10,1464000000,7.650273224,92.34972678,100,0.076502732,0.923497268,112000000,1352000000
delEGEG,4,10,1640000000,7.804878049,92.19512195,100,0.07804878,0.92195122,128000000,1512000000
SBW25,3,11,2024000000,99.60474308,0.395256917,100,0.996047431,0.003952569,2016000000,8000000
SBW25,4,11,2632000000,99.39209726,0.607902736,100,0.993920973,0.006079027,2616000000,16000000
delserCGA,3,11,1864000000,64.3776824,35.6223176,100,0.643776824,0.356223176,1200000000,664000000
delserCGA,4,11,1888000000,72.88135593,27.11864407,100,0.728813559,0.271186441,1376000000,512000000
delEGEG,3,11,2112000000,11.74242424,88.25757576,100,0.117424242,0.882575758,248000000,1864000000
delEGEG,4,11,1856000000,16.37931034,83.62068966,100,0.163793103,0.836206897,304000000,1552000000
SBW25,3,12,2328000000,100,0,100,1,0,2328000000,0
SBW25,4,12,2240000000,100,0,100,1,0,2240000000,0
delserCGA,3,12,2216000000,73.28519856,26.71480144,100,0.732851986,0.267148014,1624000000,592000000
delserCGA,4,12,2213333333,74.09638554,25.90361446,100,0.740963855,0.259036145,1640000000,573333333.3
delEGEG,3,12,2013333333,28.47682119,71.52317881,100,0.284768212,0.715231788,573333333.3,1440000000
delEGEG,4,12,1712000000,45.79439252,54.20560748,100,0.457943925,0.542056075,784000000,928000000
SBW25,3,13,2824000000,99.15014164,0.849858357,100,0.991501416,0.008498584,2800000000,24000000
SBW25,4,13,2584000000,99.38080495,0.619195046,100,0.99380805,0.00619195,2568000000,16000000
delserCGA,3,13,1600000000,86.25,13.75,100,0.8625,0.1375,1380000000,220000000
delserCGA,4,13,2296000000,80.48780488,19.51219512,100,0.804878049,0.195121951,1848000000,448000000
delEGEG,3,13,1600000000,55,45,100,0.55,0.45,880000000,720000000
delEGEG,4,13,1640000000,67.80487805,32.19512195,100,0.67804878,0.32195122,1112000000,528000000
SBW25,3,14,2600000000,100,0,100,1,0,2600000000,0
SBW25,4,14,2232000000,100,0,100,1,0,2232000000,0
delserCGA,3,14,2320000000,87.93103448,12.06896552,100,0.879310345,0.120689655,2040000000,280000000
delserCGA,4,14,2592000000,89.81481481,10.18518519,100,0.898148148,0.101851852,2328000000,264000000
delEGEG,3,14,1384000000,75.72254335,24.27745665,100,0.757225434,0.242774566,1048000000,336000000
delEGEG,4,14,2264000000,81.97879859,18.02120141,100,0.819787986,0.180212014,1856000000,408000000
SBW25,1,0,1653333333,100,0,100,1,0,1653333333,0
SBW25,2,0,1653333333,100,0,100,1,0,1653333333,0
delserCGA,1,0,1246666667,0,100,100,0,1,0,1246666667
delserCGA,2,0,740000000,0,100,100,0,1,0,740000000
delEGEG,1,0,1193333333,2.793296089,97.20670391,100,0.027932961,0.972067039,33333333.33,1160000000
delEGEG,2,0,860000000,0,100,100,0,1,0,860000000
SBW25,1,1,2913333333,100,0,100,1,0,2913333333,0
SBW25,2,1,2646666667,100,0,100,1,0,2646666667,0
delserCGA,1,1,2593333333,0,100,100,0,1,0,2593333333
delserCGA,2,1,2700000000,0,100,100,0,1,0,2700000000
delEGEG,1,1,2660000000,8.521303258,91.47869674,100,0.085213033,0.914786967,226666666.7,2433333333
delEGEG,2,1,2920000000,0,100,100,0,1,0,2920000000
SBW25,1,2,2513333333,100,0,100,1,0,2513333333,0
SBW25,2,2,2393333333,99.72144847,0.278551532,100,0.997214485,0.002785515,2386666667,6666666.667
delserCGA,1,2,2766666667,0,100,100,0,1,0,2766666667
delserCGA,2,2,2626666667,0,100,100,0,1,0,2626666667
delEGEG,1,2,3506666667,17.68060837,82.31939163,100,0.176806084,0.823193916,620000000,2886666667
delEGEG,2,2,2533333333,0,100,100,0,1,0,2533333333
SBW25,1,3,1968000000,100,0,100,1,0,1968000000,0
SBW25,2,3,3160000000,99.74683544,0.253164557,100,0.997468354,0.002531646,3152000000,8000000
delserCGA,1,3,2024000000,0,100,100,0,1,0,2024000000
delserCGA,2,3,2400000000,0,100,100,0,1,0,2400000000
delEGEG,1,3,2280000000,30.1754386,69.8245614,100,0.301754386,0.698245614,688000000,1592000000
delEGEG,2,3,3120000000,0,100,100,0,1,0,3120000000
SBW25,1,4,1744000000,100,0,100,1,0,1744000000,0
SBW25,2,4,3512000000,100,0,100,1,0,3512000000,0
delserCGA,1,4,2928000000,0,100,100,0,1,0,2928000000
delserCGA,2,4,2720000000,0,100,100,0,1,0,2720000000
delEGEG,1,4,1944000000,47.73662551,52.26337449,100,0.477366255,0.522633745,928000000,1016000000
delEGEG,2,4,2608000000,0,100,100,0,1,0,2608000000
SBW25,1,5,1520000000,100,0,100,1,0,1520000000,0
SBW25,2,5,3136000000,100,0,100,1,0,3136000000,0
delserCGA,1,5,2328000000,0,100,100,0,1,0,2328000000
delserCGA,2,5,2376000000,0.673400673,99.32659933,100,0.006734007,0.993265993,16000000,2360000000
delEGEG,1,5,1920000000,50.83333333,49.16666667,100,0.508333333,0.491666667,976000000,944000000
delEGEG,2,5,2380000000,0.840336134,99.15966387,100,0.008403361,0.991596639,20000000,2360000000
SBW25,1,6,1896000000,100,0,100,1,0,1896000000,0
SBW25,2,6,2896000000,100,0,100,1,0,2896000000,0
delserCGA,1,6,2400000000,0.666666667,99.33333333,100,0.006666667,0.993333333,16000000,2384000000
delserCGA,2,6,1952000000,0.819672131,99.18032787,100,0.008196721,0.991803279,16000000,1936000000
delEGEG,1,6,1648000000,77.66990291,22.33009709,100,0.776699029,0.223300971,1280000000,368000000
delEGEG,2,6,2304000000,0.347222222,99.65277778,100,0.003472222,0.996527778,8000000,2296000000
SBW25,1,7,2976000000,100,0,100,1,0,2976000000,0
SBW25,2,7,2624000000,100,0,100,1,0,2624000000,0
delserCGA,1,7,2320000000,1.724137931,98.27586207,100,0.017241379,0.982758621,40000000,2280000000
delserCGA,2,7,2392000000,1.003344482,98.99665552,100,0.010033445,0.989966555,24000000,2368000000
delEGEG,1,7,1584000000,86.36363636,13.63636364,100,0.863636364,0.136363636,1368000000,216000000
delEGEG,2,7,2240000000,0.357142857,99.64285714,100,0.003571429,0.996428571,8000000,2232000000
SBW25,1,8,936000000,100,0,100,1,0,936000000,0
SBW25,2,8,2528000000,100,0,100,1,0,2528000000,0
delserCGA,1,8,2000000000,5.2,94.8,100,0.052,0.948,104000000,1896000000
delserCGA,2,8,2224000000,6.115107914,93.88489209,100,0.061151079,0.938848921,136000000,2088000000
delEGEG,1,8,1608000000,89.05472637,10.94527363,100,0.890547264,0.109452736,1432000000,176000000
delEGEG,2,8,1752000000,2.739726027,97.26027397,100,0.02739726,0.97260274,48000000,1704000000
SBW25,1,9,1912000000,99.58158996,0.418410042,100,0.9958159,0.0041841,1904000000,8000000
SBW25,2,9,2384000000,99.66442953,0.33557047,100,0.996644295,0.003355705,2376000000,8000000
delserCGA,1,9,1864000000,18.88412017,81.11587983,100,0.188841202,0.811158798,352000000,1512000000
delserCGA,2,9,1952000000,13.52459016,86.47540984,100,0.135245902,0.864754098,264000000,1688000000
delEGEG,1,9,1456000000,91.20879121,8.791208791,100,0.912087912,0.087912088,1328000000,128000000
delEGEG,2,9,1280000000,14.375,85.625,100,0.14375,0.85625,184000000,1096000000
SBW25,1,10,2272000000,100,0,100,1,0,2272000000,0
SBW25,2,10,2616000000,100,0,100,1,0,2616000000,0
delserCGA,1,10,1968000000,30.08130081,69.91869919,100,0.300813008,0.699186992,592000000,1376000000
delserCGA,2,10,1952000000,40.16393443,59.83606557,100,0.401639344,0.598360656,784000000,1168000000
delEGEG,1,10,1632000000,91.17647059,8.823529412,100,0.911764706,0.088235294,1488000000,144000000
delEGEG,2,10,1696000000,28.30188679,71.69811321,100,0.283018868,0.716981132,480000000,1216000000
SBW25,1,11,1312000000,100,0,100,1,0,1312000000,0
SBW25,2,11,2648000000,100,0,100,1,0,2648000000,0
delserCGA,1,11,2136000000,56.55430712,43.44569288,100,0.565543071,0.434456929,1208000000,928000000
delserCGA,2,11,2386666667,49.72067039,50.27932961,100,0.497206704,0.502793296,1186666667,1200000000
delEGEG,1,11,1560000000,89.23076923,10.76923077,100,0.892307692,0.107692308,1392000000,168000000
delEGEG,2,11,2000000000,48.8,51.2,100,0.488,0.512,976000000,1024000000
SBW25,1,12,2384000000,100,0,100,1,0,2384000000,0
SBW25,2,12,2312000000,100,0,100,1,0,2312000000,0
delserCGA,1,12,1792000000,77.67857143,22.32142857,100,0.776785714,0.223214286,1392000000,400000000
delserCGA,2,12,2013333333,75.49668874,24.50331126,100,0.754966887,0.245033113,1520000000,493333333.3
delEGEG,1,12,1624000000,88.66995074,11.33004926,100,0.886699507,0.113300493,1440000000,184000000
delEGEG,2,12,1536000000,65.10416667,34.89583333,100,0.651041667,0.348958333,1000000000,536000000
SBW25,1,13,2472000000,100,0,100,1,0,2472000000,0
SBW25,2,13,2392000000,100,0,100,1,0,2392000000,0
delserCGA,1,13,2112000000,95.45454545,4.545454545,100,0.954545455,0.045454545,2016000000,96000000
delserCGA,2,13,1960000000,78.91156463,21.08843537,100,0.789115646,0.210884354,1546666667,413333333.3
delEGEG,1,13,1472000000,88.58695652,11.41304348,100,0.885869565,0.114130435,1304000000,168000000
delEGEG,2,13,1728000000,89.35185185,10.64814815,100,0.893518519,0.106481481,1544000000,184000000
SBW25,1,14,2520000000,100,0,100,1,0,2520000000,0
SBW25,2,14,2512000000,100,0,100,1,0,2512000000,0
delserCGA,1,14,2016000000,94.84126984,5.158730159,100,0.948412698,0.051587302,1912000000,104000000
delserCGA,2,14,3693333333,87.72563177,12.27436823,100,0.877256318,0.122743682,3240000000,453333333.3
delEGEG,1,14,1264000000,87.97468354,12.02531646,100,0.879746835,0.120253165,1112000000,152000000
delEGEG,2,14,1792000000,94.19642857,5.803571429,100,0.941964286,0.058035714,1688000000,104000000
SBW25,1,15,2912000000,100,0,100,1,0,2912000000,0
SBW25,2,15,2880000000,100,0,100,1,0,2880000000,0
delserCGA,1,15,2792000000,96.84813754,3.151862464,100,0.968481375,0.031518625,2704000000,88000000
delserCGA,2,15,2936000000,97.54768392,2.452316076,100,0.975476839,0.024523161,2864000000,72000000
delEGEG,1,15,1608000000,90.54726368,9.452736318,100,0.905472637,0.094527363,1456000000,152000000
delEGEG,2,15,2968000000,95.95687332,4.043126685,100,0.959568733,0.040431267,2848000000,120000000
SBW25,3,15,2040000000,100,0,100,1,0,2040000000,0
SBW25,4,15,2504000000,100,0,100,1,0,2504000000,0
delserCGA,3,15,3000000000,98.93333333,1.066666667,100,0.989333333,0.010666667,2968000000,32000000
delserCGA,4,15,2416000000,100,0,100,1,0,2416000000,0
delEGEG,3,15,2384000000,91.27516779,8.724832215,100,0.912751678,0.087248322,2176000000,208000000
delEGEG,4,15,2192000000,92.33576642,7.664233577,100,0.923357664,0.076642336,2024000000,168000000
SBW25,1,16,2688000000,99.70238095,0.297619048,100,0.99702381,0.00297619,2680000000,8000000
SBW25,2,16,2112000000,99.24242424,0.757575758,100,0.992424242,0.007575758,2096000000,16000000
delserCGA,1,16,1656000000,97.58454106,2.415458937,100,0.975845411,0.024154589,1616000000,40000000
delserCGA,2,16,1560000000,96.92307692,3.076923077,100,0.969230769,0.030769231,1512000000,48000000
delEGEG,1,16,1432000000,92.17877095,7.82122905,100,0.921787709,0.078212291,1320000000,112000000
delEGEG,2,16,1784000000,95.51569507,4.484304933,100,0.955156951,0.044843049,1704000000,80000000
SBW25,3,16,2040000000,100,0,100,1,0,2040000000,0
SBW25,4,16,2008000000,100,0,100,1,0,2008000000,0
delserCGA,3,16,2152000000,97.39776952,2.602230483,100,0.973977695,0.026022305,2096000000,56000000
delserCGA,4,16,1632000000,96.56862745,3.431372549,100,0.965686275,0.034313725,1576000000,56000000
delEGEG,3,16,1664000000,90.38461538,9.615384615,100,0.903846154,0.096153846,1504000000,160000000
delEGEG,4,16,2064000000,93.79844961,6.201550388,100,0.937984496,0.062015504,1936000000,128000000
SBW25,1,17,2680000000,100,0,100,1,0,2680000000,0
SBW25,2,17,2272000000,100,0,100,1,0,2272000000,0
delserCGA,1,17,2120000000,99.24528302,0.754716981,100,0.99245283,0.00754717,2104000000,16000000
delserCGA,2,17,1976000000,98.3805668,1.619433198,100,0.983805668,0.016194332,1944000000,32000000
delEGEG,1,17,1432000000,88.82681564,11.17318436,100,0.888268156,0.111731844,1272000000,160000000
delEGEG,2,17,2120000000,95.09433962,4.905660377,100,0.950943396,0.049056604,2016000000,104000000
SBW25,3,17,2680000000,100,0,100,1,0,2680000000,0
SBW25,4,17,2304000000,100,0,100,1,0,2304000000,0
delserCGA,3,17,1620000000,100,0,100,1,0,1620000000,0
delserCGA,4,17,2288000000,99.65034965,0.34965035,100,0.996503497,0.003496503,2280000000,8000000
delEGEG,3,17,2040000000,95.09803922,4.901960784,100,0.950980392,0.049019608,1940000000,100000000
delEGEG,4,17,1288000000,93.16770186,6.832298137,100,0.931677019,0.068322981,1200000000,88000000
SBW25,1,18,2520000000,99.68253968,0.317460317,100,0.996825397,0.003174603,2512000000,8000000
SBW25,2,18,2544000000,100,0,100,1,0,2544000000,0
delserCGA,1,18,2266666667,98.23529412,1.764705882,100,0.982352941,0.017647059,2226666667,40000000
delserCGA,2,18,2232000000,99.28315412,0.716845878,100,0.992831541,0.007168459,2216000000,16000000
delEGEG,1,18,1656000000,90.82125604,9.178743961,100,0.90821256,0.09178744,1504000000,152000000
delEGEG,2,18,1400000000,96.57142857,3.428571429,100,0.965714286,0.034285714,1352000000,48000000
SBW25,3,18,2464000000,100,0,100,1,0,2464000000,0
SBW25,4,18,2424000000,100,0,100,1,0,2424000000,0
delserCGA,3,18,1896000000,99.57805907,0.421940928,100,0.995780591,0.004219409,1888000000,8000000
delserCGA,4,18,2152000000,98.51301115,1.486988848,100,0.985130112,0.014869888,2120000000,32000000
delEGEG,3,18,2008000000,96.812749,3.187250996,100,0.96812749,0.03187251,1944000000,64000000
delEGEG,4,18,1200000000,95.55555556,4.444444444,100,0.955555556,0.044444444,1146666667,53333333.33
SBW25,1,19,2312000000,100,0,100,1,0,2312000000,0
SBW25,2,19,2168000000,99.63099631,0.36900369,100,0.996309963,0.003690037,2160000000,8000000
delserCGA,1,19,1120000000,97.14285714,2.857142857,100,0.971428571,0.028571429,1088000000,32000000
delserCGA,2,19,1856000000,97.84482759,2.155172414,100,0.978448276,0.021551724,1816000000,40000000
delEGEG,1,19,712000000,91.01123596,8.988764045,100,0.91011236,0.08988764,648000000,64000000
delEGEG,2,19,1448000000,96.68508287,3.314917127,100,0.966850829,0.033149171,1400000000,48000000
SBW25,3,19,1960000000,100,0,100,1,0,1960000000,0
SBW25,4,19,1920000000,100,0,100,1,0,1920000000,0
delserCGA,3,19,1416000000,100,0,100,1,0,1416000000,0
delserCGA,4,19,1416000000,99.43502825,0.564971751,100,0.994350282,0.005649718,1408000000,8000000
delEGEG,3,19,952000000,97.4789916,2.521008403,100,0.974789916,0.025210084,928000000,24000000
delEGEG,4,19,1000000000,96,4,100,0.96,0.04,960000000,40000000
SBW25,1,20,2472000000,100,0,100,1,0,2472000000,0
SBW25,2,20,2624000000,100,0,100,1,0,2624000000,0
delserCGA,1,20,1992000000,97.59036145,2.409638554,100,0.975903614,0.024096386,1944000000,48000000
delserCGA,2,20,2552000000,98.7460815,1.253918495,100,0.987460815,0.012539185,2520000000,32000000
delEGEG,1,20,1312000000,93.29268293,6.707317073,100,0.932926829,0.067073171,1224000000,88000000
delEGEG,2,20,1848000000,97.4025974,2.597402597,100,0.974025974,0.025974026,1800000000,48000000
SBW25,3,20,2600000000,100,0,100,1,0,2600000000,0
SBW25,4,20,2608000000,100,0,100,1,0,2608000000,0
delserCGA,3,20,2240000000,98.92857143,1.071428571,100,0.989285714,0.010714286,2216000000,24000000
delserCGA,4,20,1640000000,98.04878049,1.951219512,100,0.980487805,0.019512195,1608000000,32000000
delEGEG,3,20,1800000000,97.33333333,2.666666667,100,0.973333333,0.026666667,1752000000,48000000
delEGEG,4,20,1552000000,96.90721649,3.092783505,100,0.969072165,0.030927835,1504000000,48000000
SBW25,1,21,2720000000,100,0,100,1,0,2720000000,0
SBW25,2,21,2296000000,100,0,100,1,0,2296000000,0
delserCGA,1,21,1816000000,97.79735683,2.202643172,100,0.977973568,0.022026432,1776000000,40000000
delserCGA,2,21,2336000000,98.97260274,1.02739726,100,0.989726027,0.010273973,2312000000,24000000
delEGEG,1,21,1200000000,90,10,100,0.9,0.1,1080000000,120000000
delEGEG,2,21,864000000,99.07407407,0.925925926,100,0.990740741,0.009259259,856000000,8000000
SBW25,3,21,2520000000,100,0,100,1,0,2520000000,0
SBW25,4,21,2176000000,99.26470588,0.735294118,100,0.992647059,0.007352941,2160000000,16000000
delserCGA,3,21,2152000000,99.62825279,0.371747212,100,0.996282528,0.003717472,2144000000,8000000
delserCGA,4,21,1800000000,100,0,100,1,0,1800000000,0
delEGEG,3,21,1328000000,95.78313253,4.21686747,100,0.957831325,0.042168675,1272000000,56000000
delEGEG,4,21,1376000000,95.34883721,4.651162791,100,0.953488372,0.046511628,1312000000,64000000
SBW25,1,22,2136000000,100,0,100,1,0,2136000000,0
SBW25,2,22,1992000000,100,0,100,1,0,1992000000,0
delserCGA,1,22,2368000000,97.97297297,2.027027027,100,0.97972973,0.02027027,2320000000,48000000
delserCGA,2,22,1856000000,98.27586207,1.724137931,100,0.982758621,0.017241379,1824000000,32000000
delEGEG,1,22,976000000,90.16393443,9.836065574,100,0.901639344,0.098360656,880000000,96000000
delEGEG,2,22,1933333333,97.93103448,2.068965517,100,0.979310345,0.020689655,1893333333,40000000
SBW25,3,22,2072000000,100,0,100,1,0,2072000000,0
SBW25,4,22,2456000000,100,0,100,1,0,2456000000,0
delserCGA,3,22,1784000000,99.10313901,0.896860987,100,0.99103139,0.00896861,1768000000,16000000
delserCGA,4,22,2200000000,98.18181818,1.818181818,100,0.981818182,0.018181818,2160000000,40000000
delEGEG,3,22,1824000000,94.73684211,5.263157895,100,0.947368421,0.052631579,1728000000,96000000
delEGEG,4,22,1112000000,95.68345324,4.316546763,100,0.956834532,0.043165468,1064000000,48000000
SBW25,1,23,1720000000,100,0,100,1,0,1720000000,0
SBW25,2,23,2792000000,100,0,100,1,0,2792000000,0
delserCGA,1,23,1424000000,99.43820225,0.561797753,100,0.994382022,0.005617978,1416000000,8000000
delserCGA,2,23,1712000000,99.53271028,0.46728972,100,0.995327103,0.004672897,1704000000,8000000
delEGEG,1,23,1280000000,92.5,7.5,100,0.925,0.075,1184000000,96000000
delEGEG,2,23,1568000000,96.42857143,3.571428571,100,0.964285714,0.035714286,1512000000,56000000
SBW25,3,23,2976000000,100,0,100,1,0,2976000000,0
SBW25,4,23,3024000000,100,0,100,1,0,3024000000,0
delserCGA,3,23,2016000000,98.80952381,1.19047619,100,0.988095238,0.011904762,1992000000,24000000
delserCGA,4,23,2408000000,99.00332226,0.996677741,100,0.990033223,0.009966777,2384000000,24000000
delEGEG,3,23,1984000000,97.17741935,2.822580645,100,0.971774194,0.028225806,1928000000,56000000
delEGEG,4,23,1784000000,96.41255605,3.587443946,100,0.964125561,0.035874439,1720000000,64000000
SBW25,1,24,3728000000,100,0,100,1,0,3728000000,0
SBW25,2,24,3664000000,100,0,100,1,0,3664000000,0
delserCGA,1,24,2816000000,98.57954545,1.420454545,100,0.985795455,0.014204545,2776000000,40000000
delserCGA,2,24,3160000000,99.74683544,0.253164557,100,0.997468354,0.002531646,3152000000,8000000
delEGEG,1,24,1848000000,93.07359307,6.926406926,100,0.930735931,0.069264069,1720000000,128000000
delEGEG,2,24,2320000000,98.27586207,1.724137931,100,0.982758621,0.017241379,2280000000,40000000
SBW25,3,24,3640000000,100,0,100,1,0,3640000000,0
SBW25,4,24,3352000000,100,0,100,1,0,3352000000,0
delserCGA,3,24,2472000000,98.38187702,1.618122977,100,0.98381877,0.01618123,2432000000,40000000
delserCGA,4,24,3936000000,98.17073171,1.829268293,100,0.981707317,0.018292683,3864000000,72000000
delEGEG,3,24,2392000000,95.98662207,4.013377926,100,0.959866221,0.040133779,2296000000,96000000
delEGEG,4,24,2400000000,97.33333333,2.666666667,100,0.973333333,0.026666667,2336000000,64000000
SBW25,1,25,3376000000,100,0,100,1,0,3376000000,0
SBW25,2,25,3120000000,100,0,100,1,0,3120000000,0
delserCGA,1,25,2264000000,98.93992933,1.060070671,100,0.989399293,0.010600707,2240000000,24000000
delserCGA,2,25,3888000000,99.38271605,0.617283951,100,0.99382716,0.00617284,3864000000,24000000
delEGEG,1,25,2024000000,94.07114625,5.928853755,100,0.940711462,0.059288538,1904000000,120000000
delEGEG,2,25,1720000000,97.20930233,2.790697674,100,0.972093023,0.027906977,1672000000,48000000
SBW25,3,25,2200000000,100,0,100,1,0,2200000000,0
SBW25,4,25,2664000000,100,0,100,1,0,2664000000,0
delserCGA,3,25,2376000000,98.98989899,1.01010101,100,0.98989899,0.01010101,2352000000,24000000
delserCGA,4,25,2856000000,98.87955182,1.120448179,100,0.988795518,0.011204482,2824000000,32000000
delEGEG,3,25,1528000000,96.85863874,3.141361257,100,0.968586387,0.031413613,1480000000,48000000
delEGEG,4,25,1368000000,94.73684211,5.263157895,100,0.947368421,0.052631579,1296000000,72000000
SBW25,1,26,2808000000,100,0,100,1,0,2808000000,0
SBW25,2,26,2888000000,99.72299169,0.27700831,100,0.997229917,0.002770083,2880000000,8000000
delserCGA,1,26,3248000000,98.27586207,1.724137931,100,0.982758621,0.017241379,3192000000,56000000
delserCGA,2,26,2424000000,99.33993399,0.660066007,100,0.99339934,0.00660066,2408000000,16000000
delEGEG,1,26,1552000000,91.2371134,8.762886598,100,0.912371134,0.087628866,1416000000,136000000
delEGEG,2,26,2040000000,95.68627451,4.31372549,100,0.956862745,0.043137255,1952000000,88000000
SBW25,3,26,4304000000,100,0,100,1,0,4304000000,0
SBW25,4,26,2936000000,100,0,100,1,0,2936000000,0
delserCGA,3,26,2688000000,98.51190476,1.488095238,100,0.985119048,0.014880952,2648000000,40000000
delserCGA,4,26,2392000000,98.3277592,1.672240803,100,0.983277592,0.016722408,2352000000,40000000
delEGEG,3,26,2160000000,97.77777778,2.222222222,100,0.977777778,0.022222222,2112000000,48000000
delEGEG,4,26,1176000000,98.63945578,1.360544218,100,0.986394558,0.013605442,1160000000,16000000
SBW25,1,27,2928000000,100,0,100,1,0,2928000000,0
SBW25,2,27,3880000000,100,0,100,1,0,3880000000,0
delserCGA,1,27,2832000000,98.58757062,1.412429379,100,0.985875706,0.014124294,2792000000,40000000
delserCGA,2,27,2248000000,98.22064057,1.779359431,100,0.982206406,0.017793594,2208000000,40000000
delEGEG,1,27,1368000000,94.15204678,5.847953216,100,0.941520468,0.058479532,1288000000,80000000
delEGEG,2,27,1520000000,96.84210526,3.157894737,100,0.968421053,0.031578947,1472000000,48000000
SBW25,3,27,2808000000,100,0,100,1,0,2808000000,0
SBW25,4,27,3344000000,100,0,100,1,0,3344000000,0
delserCGA,3,27,2144000000,98.88059701,1.119402985,100,0.98880597,0.01119403,2120000000,24000000
delserCGA,4,27,2536000000,98.42271293,1.577287066,100,0.984227129,0.015772871,2496000000,40000000
delEGEG,3,27,2552000000,98.43260188,1.567398119,100,0.984326019,0.015673981,2512000000,40000000
delEGEG,4,27,1824000000,98.24561404,1.754385965,100,0.98245614,0.01754386,1792000000,32000000
SBW25,1,28,3432000000,100,0,100,1,0,3432000000,0
SBW25,2,28,2944000000,100,0,100,1,0,2944000000,0
delserCGA,1,28,2456000000,98.04560261,1.954397394,100,0.980456026,0.019543974,2408000000,48000000
delserCGA,2,28,2456000000,99.0228013,0.977198697,100,0.990228013,0.009771987,2432000000,24000000
delEGEG,1,28,2104000000,96.19771863,3.802281369,100,0.961977186,0.038022814,2024000000,80000000
delEGEG,2,28,1848000000,98.26839827,1.731601732,100,0.982683983,0.017316017,1816000000,32000000
SBW25,3,28,3136000000,100,0,100,1,0,3136000000,0
SBW25,4,28,2680000000,100,0,100,1,0,2680000000,0
delserCGA,3,28,1768000000,98.64253394,1.357466063,100,0.986425339,0.013574661,1744000000,24000000
delserCGA,4,28,2832000000,99.15254237,0.847457627,100,0.991525424,0.008474576,2808000000,24000000
delEGEG,3,28,2288000000,98.25174825,1.748251748,100,0.982517483,0.017482517,2248000000,40000000
delEGEG,4,28,1704000000,97.65258216,2.34741784,100,0.976525822,0.023474178,1664000000,40000000
SBW25,1,29,2848000000,100,0,100,1,0,2848000000,0
SBW25,2,29,3024000000,100,0,100,1,0,3024000000,0
delserCGA,2,29,2488000000,97.74919614,2.250803859,100,0.977491961,0.022508039,2432000000,56000000
delEGEG,1,29,1952000000,95.08196721,4.918032787,100,0.950819672,0.049180328,1856000000,96000000
delEGEG,2,29,1664000000,98.55769231,1.442307692,100,0.985576923,0.014423077,1640000000,24000000
SBW25,3,29,3552000000,100,0,100,1,0,3552000000,0
SBW25,4,29,3032000000,100,0,100,1,0,3032000000,0
delserCGA,3,29,2912000000,99.72527473,0.274725275,100,0.997252747,0.002747253,2904000000,8000000
delserCGA,4,29,2368000000,98.98648649,1.013513514,100,0.989864865,0.010135135,2344000000,24000000
delEGEG,3,29,1960000000,98.36734694,1.632653061,100,0.983673469,0.016326531,1928000000,32000000
delEGEG,4,29,1664000000,95.67307692,4.326923077,100,0.956730769,0.043269231,1592000000,72000000
SBW25,1,30,3430000000,100,0,100,1,0,3430000000,0
SBW25,2,30,4960000000,100,0,100,1,0,4960000000,0
delserCGA,1,30,3900000000,98.3572895,1.64271047,100,0.983572895,0.016427105,3835934291,64065708.33
delserCGA,2,30,4550000000,99.2970123,0.7029877,100,0.992970123,0.007029877,4518014060,31985940.35
delEGEG,1,30,3380000000,95.0236967,4.97630332,100,0.950236967,0.049763033,3211800948,168199052.2
delEGEG,2,30,4020000000,95.8167331,4.18326693,100,0.958167331,0.041832669,3851832671,168167330.6
SBW25,3,30,3860000000,100,0,100,1,0,3860000000,0
SBW25,4,30,3720000000,100,0,100,1,0,3720000000,0
delserCGA,3,30,4740000000,99.3254637,0.67453626,100,0.993254637,0.006745363,4708026979,31973018.72
delserCGA,4,30,2790000000,99.713467,0.28653295,100,0.99713467,0.00286533,2782005729,7994269.305
delEGEG,3,30,3340000000,97.3621103,2.63788969,100,0.973621103,0.026378897,3251894484,88105515.65
delEGEG,4,30,3490000000,98.3944954,1.60550459,100,0.983944954,0.016055046,3433967889,56032110.19
SBW25,1,37,1680000000,100,0,100,1,0,1680000000,0
SBW25,2,37,1960000000,100,0,100,1,0,1960000000,0
delserCGA,1,37,1250000000,98.7179487,1.28205128,100,0.987179487,0.012820513,1233974359,16025641
delserCGA,2,37,1320000000,98.7878788,1.21212121,100,0.987878788,0.012121212,1304000000,15999999.97
delEGEG,1,37,1230000000,100,0,100,1,0,1230000000,0
delEGEG,2,37,2250000000,98.816568,1.18343195,100,0.98816568,0.01183432,2223372780,26627218.88
SBW25,3,37,2010000000,100,0,100,1,0,2010000000,0
SBW25,4,37,1270000000,100,0,100,1,0,1270000000,0
delserCGA,3,37,700000000,98.4962406,1.503759398,100,0.984962406,0.015037594,689473684.2,10526315.79
delserCGA,4,37,940000000,97.81021898,2.189781022,100,0.97810219,0.02189781,919416058.4,20583941.61
delEGEG,3,37,880000000,97.2727273,2.72727273,100,0.972727273,0.027272727,856000000.2,24000000.02
delEGEG,4,37,1130000000,98.5815603,1.41843972,100,0.985815603,0.014184397,1113971631,16028368.84
SBW25,1,39,1880000000,100,0,100,1,0,1880000000,0
SBW25,2,39,1590000000,100,0,100,1,0,1590000000,0
delserCGA,1,39,1160000000,97.9310345,2.06896552,100,0.979310345,0.020689655,1136000000,24000000.03
delserCGA,2,39,2470000000,100,0,100,1,0,2470000000,0
delEGEG,1,39,2030000000,98.0314961,1.96850394,100,0.980314961,0.019685039,1990039371,39960629.98
delEGEG,2,39,2410000000,96.6777409,3.32225914,100,0.966777409,0.033222591,2329933556,80066445.27
SBW25,3,39,2550000000,100,0,100,1,0,2550000000,0
SBW25,4,39,1850000000,100,0,100,1,0,1850000000,0
delserCGA,3,39,1270000000,100,0,100,1,0,1270000000,0
delserCGA,4,39,1880000000,99.2907801,0.70921986,100,0.992907801,0.007092199,1866666666,13333333.37
delEGEG,3,39,1120000000,97.8571429,2.14285714,100,0.978571429,0.021428571,1096000000,23999999.97
delEGEG,4,39,1230000000,96.7532468,3.24675325,100,0.967532468,0.032467533,1190064936,39935064.98
SBW25,1,44,1550000000,100,0,100,1,0,1550000000,0
SBW25,2,44,3100000000,100,0,100,1,0,3100000000,0
delserCGA,1,44,2560000000,98.75,1.25,100,0.9875,0.0125,2528000000,32000000
delserCGA,2,44,2780000000,98.8472622,1.15273775,100,0.988472622,0.011527378,2747953889,32046109.45
delEGEG,1,44,2540000000,99.0536278,0.94637224,100,0.990536278,0.009463722,2515962146,24037854.9
delEGEG,2,44,2150000000,99.2565056,0.74349442,100,0.992565056,0.007434944,2134014870,15985130.03
SBW25,3,44,3230000000,100,0,100,1,0,3230000000,0
SBW25,4,44,1820000000,100,0,100,1,0,1820000000,0
delserCGA,3,44,1870000000,100,0,100,1,0,1870000000,0
delserCGA,4,44,2100000000,98.0988593,1.90114068,100,0.980988593,0.019011407,2060076045,39923954.28
delEGEG,3,44,1520000000,100,0,100,1,0,1520000000,0
delEGEG,4,44,1240000000,100,0,100,1,0,1240000000,0
SBW25,1,46,1940000000,100,0,100,1,0,1940000000,0
SBW25,2,46,2310000000,100,0,100,1,0,2310000000,0
delserCGA,1,46,1260000000,99.3630573,0.63694268,100,0.993630573,0.006369427,1251974522,8025477.768
delserCGA,2,46,1910000000,99.1631799,0.83682008,100,0.991631799,0.008368201,1894016736,15983263.53
delEGEG,1,46,4560000000,100,0,100,1,0,4560000000,0
delEGEG,2,46,1540000000,100,0,100,1,0,1540000000,0
SBW25,3,46,2280000000,100,0,100,1,0,2280000000,0
SBW25,4,46,2280000000,100,0,100,1,0,2280000000,0
delserCGA,3,46,1150000000,100,0,100,1,0,1150000000,0
delserCGA,4,46,720000000,97.7777778,2.22222222,100,0.977777778,0.022222222,704000000.2,15999999.98
delEGEG,3,46,920000000,100,0,100,1,0,920000000,0
delEGEG,4,46,864000000,100,0,100,1,0,864000000,0
SBW25,1,50,2730000000,100,0,100,1,0,2730000000,0
SBW25,2,50,2510000000,100,0,100,1,0,2510000000,0
delserCGA,1,50,2000000000,99.2,0.8,100,0.992,0.008,1984000000,16000000
delserCGA,2,50,1980000000,100,0,100,1,0,1980000000,0
delEGEG,1,50,1540000000,98.9637306,1.03626943,100,0.989637306,0.010362694,1524041451,15958549.22
delEGEG,2,50,2320000000,97.9310345,2.06896552,100,0.979310345,0.020689655,2272000000,48000000.06
SBW25,3,50,2350000000,100,0,100,1,0,2350000000,0
SBW25,4,50,2360000000,100,0,100,1,0,2360000000,0
delserCGA,3,50,2370000000,100,0,100,1,0,2370000000,0
delserCGA,4,50,1410000000,98.2954545,1.70454545,100,0.982954545,0.017045455,1385965908,24034090.85
delEGEG,3,50,1430000000,98.8826816,1.11731844,100,0.988826816,0.011173184,1414022347,15977653.69
delEGEG,4,50,1900000000,98.7394958,1.2605042,100,0.987394958,0.012605042,1876050420,23949579.8
SBW25,1,53,1940000000,100,0,100,1,0,1940000000,0
SBW25,2,53,1700000000,100,0,100,1,0,1700000000,0
delserCGA,1,53,1510000000,99.4708995,0.52910053,100,0.994708995,0.005291005,1502010582,7989418.003
delserCGA,2,53,1340000000,98.2142857,1.78571429,100,0.982142857,0.017857143,1316071428,23928571.49
delEGEG,1,53,1180000000,98.6394558,1.36054422,100,0.986394558,0.013605442,1163945578,16054421.8
delEGEG,2,53,1450000000,97.7900552,2.20994475,100,0.977900552,0.022099448,1417955800,32044198.88
SBW25,3,53,1780000000,99.5495495,0.45045045,100,0.995495495,0.004504505,1771981981,8018018.01
SBW25,4,53,1710000000,100,0,100,1,0,1710000000,0
delserCGA,3,53,2300000000,99.3055556,0.69444444,100,0.993055556,0.006944444,2284027779,15972222.12
delserCGA,4,53,1200000000,98,2,100,0.98,0.02,1176000000,24000000
delEGEG,3,53,1450000000,99.4475138,0.55248619,100,0.994475138,0.005524862,1441988950,8011049.755
delEGEG,4,53,1950000000,99.1803279,0.81967213,100,0.991803279,0.008196721,1934016394,15983606.54
SBW25,1,54,2440000000,99.67213115,0.327868852,100,0.996721311,0.003278689,2432000000,8000000
SBW25,2,54,3184000000,100,0,100,1,0,3184000000,0
delserCGA,1,54,1936000000,99.58677686,0.41322314,100,0.995867769,0.004132231,1928000000,8000000
delserCGA,2,54,2400000000,99.66666667,0.333333333,100,0.996666667,0.003333333,2392000000,8000000
delEGEG,1,54,2328000000,100,0,100,1,0,2328000000,0
delEGEG,2,54,2800000000,98.57142857,1.428571429,100,0.985714286,0.014285714,2760000000,40000000
SBW25,3,54,2648000000,99.39577039,0.604229607,100,0.993957704,0.006042296,2632000000,16000000
SBW25,4,54,3160000000,98.98734177,1.012658228,100,0.989873418,0.010126582,3128000000,32000000
delserCGA,3,54,2480000000,99.67741935,0.322580645,100,0.996774194,0.003225806,2472000000,8000000
delserCGA,4,54,2328000000,99.65635739,0.343642612,100,0.996563574,0.003436426,2320000000,8000000
delEGEG,3,54,2072000000,98.84169884,1.158301158,100,0.988416988,0.011583012,2048000000,24000000
delEGEG,4,54,2576000000,98.75776398,1.242236025,100,0.98757764,0.01242236,2544000000,32000000
SBW25,1,55,2520000000,99.68253968,0.317460317,100,0.996825397,0.003174603,2512000000,8000000
SBW25,2,55,2088000000,100,0,100,1,0,2088000000,0
delserCGA,1,55,1696000000,99.05660377,0.943396226,100,0.990566038,0.009433962,1680000000,16000000
delserCGA,2,55,2304000000,99.30555556,0.694444444,100,0.993055556,0.006944444,2288000000,16000000
delEGEG,1,55,1664000000,99.03846154,0.961538462,100,0.990384615,0.009615385,1648000000,16000000
delEGEG,2,55,1968000000,99.18699187,0.81300813,100,0.991869919,0.008130081,1952000000,16000000
SBW25,3,55,2216000000,100,0,100,1,0,2216000000,0
SBW25,4,55,2464000000,100,0,100,1,0,2464000000,0
delserCGA,3,55,2504000000,100,0,100,1,0,2504000000,0
delserCGA,4,55,2080000000,99.61538462,0.384615385,100,0.996153846,0.003846154,2072000000,8000000
delEGEG,3,55,2072000000,98.06949807,1.930501931,100,0.980694981,0.019305019,2032000000,40000000
delEGEG,4,55,1784000000,99.10313901,0.896860987,100,0.99103139,0.00896861,1768000000,16000000
SBW25,1,59,3224000000,100,0,100,1,0,3224000000,0
SBW25,2,59,2400000000,100,0,100,1,0,2400000000,0
delserCGA,1,59,1080000000,99.25925926,0.740740741,100,0.992592593,0.007407407,1072000000,8000000
delserCGA,2,59,2016000000,100,0,100,1,0,2016000000,0
delEGEG,1,59,1080000000,100,0,100,1,0,1080000000,0
delEGEG,2,59,960000000,100,0,100,1,0,960000000,0
SBW25,3,59,1696000000,99.52830189,0.471698113,100,0.995283019,0.004716981,1688000000,8000000
SBW25,4,59,1888000000,100,0,100,1,0,1888000000,0
delserCGA,3,59,1744000000,100,0,100,1,0,1744000000,0
delserCGA,4,59,1328000000,100,0,100,1,0,1328000000,0
delEGEG,3,59,1072000000,98.50746269,1.492537313,100,0.985074627,0.014925373,1056000000,16000000
delEGEG,4,59,1800000000,99.55555556,0.444444444,100,0.995555556,0.004444444,1792000000,8000000
SBW25,1,60,2008000000,100,0,100,1,0,2008000000,0
SBW25,2,60,2432000000,100,0,100,1,0,2432000000,0
delserCGA,1,60,1640000000,99.51219512,0.487804878,100,0.995121951,0.004878049,1632000000,8000000
delserCGA,2,60,1632000000,99.01960784,0.980392157,100,0.990196078,0.009803922,1616000000,16000000
delEGEG,1,60,1600000000,99,1,100,0.99,0.01,1584000000,16000000
delEGEG,2,60,1472000000,100,0,100,1,0,1472000000,0
SBW25,3,60,2520000000,99.36507937,0.634920635,100,0.993650794,0.006349206,2504000000,16000000
SBW25,4,60,2584000000,100,0,100,1,0,2584000000,0
delserCGA,3,60,1816000000,100,0,100,1,0,1816000000,0
delserCGA,4,60,1768000000,99.54751131,0.452488688,100,0.995475113,0.004524887,1760000000,8000000
delEGEG,3,60,1560000000,99.48717949,0.512820513,100,0.994871795,0.005128205,1552000000,8000000
delEGEG,4,60,1192000000,95.97315436,4.026845638,100,0.959731544,0.040268456,1144000000,48000000
SBW25,1,62,3136000000,99.74489796,0.255102041,100,0.99744898,0.00255102,3128000000,8000000
SBW25,2,62,3296000000,100,0,100,1,0,3296000000,0
delserCGA,1,62,2216000000,97.83393502,2.166064982,100,0.97833935,0.02166065,2168000000,48000000
delserCGA,2,62,2472000000,99.35275081,0.647249191,100,0.993527508,0.006472492,2456000000,16000000
delEGEG,1,62,2208000000,99.27536232,0.724637681,100,0.992753623,0.007246377,2192000000,16000000
delEGEG,2,62,2456000000,98.04560261,1.954397394,100,0.980456026,0.019543974,2408000000,48000000
SBW25,3,62,2936000000,100,0,100,1,0,2936000000,0
SBW25,4,62,3016000000,100,0,100,1,0,3016000000,0
delserCGA,3,62,2573333333,99.48186528,0.518134715,100,0.994818653,0.005181347,2560000000,13333333.33
delserCGA,4,62,2168000000,98.89298893,1.10701107,100,0.988929889,0.011070111,2144000000,24000000
delEGEG,3,62,1904000000,97.89915966,2.100840336,100,0.978991597,0.021008403,1864000000,40000000
delEGEG,4,62,2088000000,99.23371648,0.766283525,100,0.992337165,0.007662835,2072000000,16000000
SBW25,1,66,1272000000,100,0,100,1,0,1272000000,0
SBW25,2,66,1600000000,100,0,100,1,0,1600000000,0
delserCGA,1,66,1408000000,98.29545455,1.704545455,100,0.982954545,0.017045455,1384000000,24000000
delserCGA,2,66,1440000000,99.44444444,0.555555556,100,0.994444444,0.005555556,1432000000,8000000
delEGEG,1,66,1920000000,97.91666667,2.083333333,100,0.979166667,0.020833333,1880000000,40000000
delEGEG,2,66,1816000000,99.55947137,0.440528634,100,0.995594714,0.004405286,1808000000,8000000
SBW25,3,66,1648000000,100,0,100,1,0,1648000000,0
SBW25,4,66,1896000000,100,0,100,1,0,1896000000,0
delserCGA,3,66,2040000000,99.21568627,0.784313725,100,0.992156863,0.007843137,2024000000,16000000
delserCGA,4,66,1408000000,98.86363636,1.136363636,100,0.988636364,0.011363636,1392000000,16000000
delEGEG,3,66,2016000000,100,0,100,1,0,2016000000,0
delEGEG,4,66,2448000000,98.03921569,1.960784314,100,0.980392157,0.019607843,2400000000,48000000
SBW25,1,67,1872000000,100,0,100,1,0,1872000000,0
SBW25,2,67,2176000000,100,0,100,1,0,2176000000,0
delserCGA,1,67,2224000000,98.20143885,1.798561151,100,0.982014388,0.017985612,2184000000,40000000
delserCGA,2,67,1968000000,99.18699187,0.81300813,100,0.991869919,0.008130081,1952000000,16000000
delEGEG,1,67,2000000000,99.2,0.8,100,0.992,0.008,1984000000,16000000
delEGEG,2,67,2112000000,99.24242424,0.757575758,100,0.992424242,0.007575758,2096000000,16000000
SBW25,3,67,2360000000,100,0,100,1,0,2360000000,0
SBW25,4,67,2360000000,100,0,100,1,0,2360000000,0
delserCGA,3,67,2560000000,99.6875,0.3125,100,0.996875,0.003125,2552000000,8000000
delserCGA,4,67,2336000000,99.65753425,0.342465753,100,0.996575342,0.003424658,2328000000,8000000
delEGEG,3,67,2120000000,98.11320755,1.886792453,100,0.981132075,0.018867925,2080000000,40000000
delEGEG,4,67,2376000000,99.32659933,0.673400673,100,0.993265993,0.006734007,2360000000,16000000
SBW25,1,69,2680000000,100,0,100,1,0,2680000000,0
SBW25,2,69,2096000000,100,0,100,1,0,2096000000,0
delserCGA,1,69,1392000000,98.85057471,1.149425287,100,0.988505747,0.011494253,1376000000,16000000
delserCGA,2,69,1928000000,99.17012448,0.829875519,100,0.991701245,0.008298755,1912000000,16000000
delEGEG,1,69,3128000000,98.46547315,1.534526854,100,0.984654731,0.015345269,3080000000,48000000
delEGEG,2,69,2464000000,99.35064935,0.649350649,100,0.993506494,0.006493506,2448000000,16000000
SBW25,3,69,3016000000,100,0,100,1,0,3016000000,0
SBW25,4,69,2840000000,100,0,100,1,0,2840000000,0
delserCGA,3,69,2552000000,99.68652038,0.313479624,100,0.996865204,0.003134796,2544000000,8000000
delserCGA,4,69,2392000000,98.66220736,1.337792642,100,0.986622074,0.013377926,2360000000,32000000
delEGEG,3,69,2560000000,98.75,1.25,100,0.9875,0.0125,2528000000,32000000
delEGEG,4,69,2616000000,99.08256881,0.917431193,100,0.990825688,0.009174312,2592000000,24000000
SBW25,1,73,2184000000,100,0,100,1,0,2184000000,0
SBW25,2,73,2112000000,100,0,100,1,0,2112000000,0
delserCGA,1,73,2000000000,98.8,1.2,100,0.988,0.012,1976000000,24000000
delserCGA,2,73,1744000000,97.70642202,2.293577982,100,0.97706422,0.02293578,1704000000,40000000
delEGEG,1,73,1984000000,99.19354839,0.806451613,100,0.991935484,0.008064516,1968000000,16000000
delEGEG,2,73,2024000000,99.20948617,0.790513834,100,0.992094862,0.007905138,2008000000,16000000
SBW25,3,73,2168000000,100,0,100,1,0,2168000000,0
SBW25,4,73,2384000000,100,0,100,1,0,2384000000,0
delserCGA,3,73,2328000000,100,0,100,1,0,2328000000,0
delserCGA,4,73,1784000000,99.10313901,0.896860987,100,0.99103139,0.00896861,1768000000,16000000
delEGEG,3,73,2144000000,99.25373134,0.746268657,100,0.992537313,0.007462687,2128000000,16000000
delEGEG,4,73,2600000000,98.76923077,1.230769231,100,0.987692308,0.012307692,2568000000,32000000
SBW25,1,74,2336000000,100,0,100,1,0,2336000000,0
SBW25,2,74,1928000000,100,0,100,1,0,1928000000,0
delserCGA,1,74,1600000000,99,1,100,0.99,0.01,1584000000,16000000
delserCGA,2,74,1464000000,100,0,100,1,0,1464000000,0
delEGEG,1,74,1560000000,98.97435897,1.025641026,100,0.98974359,0.01025641,1544000000,16000000
delEGEG,2,74,1848000000,100,0,100,1,0,1848000000,0
SBW25,3,74,1968000000,100,0,100,1,0,1968000000,0
SBW25,4,74,1648000000,100,0,100,1,0,1648000000,0
delserCGA,3,74,2048000000,100,0,100,1,0,2048000000,0
delserCGA,4,74,1336000000,100,0,100,1,0,1336000000,0
delEGEG,3,74,2096000000,98.47328244,1.526717557,100,0.984732824,0.015267176,2064000000,32000000
delEGEG,4,74,1848000000,96.53679654,3.463203463,100,0.965367965,0.034632035,1784000000,64000000
SBW25,1,76,2664000000,100,0,100,1,0,2664000000,0
SBW25,2,76,2176000000,100,0,100,1,0,2176000000,0
delserCGA,1,76,1872000000,98.71794872,1.282051282,100,0.987179487,0.012820513,1848000000,24000000
delserCGA,2,76,2040000000,98.82352941,1.176470588,100,0.988235294,0.011764706,2016000000,24000000
delEGEG,1,76,2824000000,98.30028329,1.699716714,100,0.983002833,0.016997167,2776000000,48000000
delEGEG,2,76,2936000000,100,0,100,1,0,2936000000,0
SBW25,3,76,2448000000,100,0,100,1,0,2448000000,0
SBW25,4,76,2440000000,100,0,100,1,0,2440000000,0
delserCGA,3,76,2360000000,98.6440678,1.355932203,100,0.986440678,0.013559322,2328000000,32000000
delserCGA,4,76,2000000000,99.6,0.4,100,0.996,0.004,1992000000,8000000
delEGEG,3,76,2200000000,98.54545455,1.454545455,100,0.985454545,0.014545455,2168000000,32000000
delEGEG,4,76,2584000000,99.38080495,0.619195046,100,0.99380805,0.00619195,2568000000,16000000
SBW25,1,80,2168000000,100,0,100,1,0,2168000000,0
SBW25,2,80,2248000000,100,0,100,1,0,2248000000,0
delserCGA,1,80,2376000000,98.65319865,1.346801347,100,0.986531987,0.013468013,2344000000,32000000
delserCGA,2,80,1792000000,99.55357143,0.446428571,100,0.995535714,0.004464286,1784000000,8000000
delEGEG,1,80,2408000000,98.00664452,1.993355482,100,0.980066445,0.019933555,2360000000,48000000
delEGEG,2,80,2696000000,99.40652819,0.59347181,100,0.994065282,0.005934718,2680000000,16000000
SBW25,3,80,2392000000,100,0,100,1,0,2392000000,0
SBW25,4,80,2488000000,100,0,100,1,0,2488000000,0
delserCGA,3,80,2448000000,99.67320261,0.326797386,100,0.996732026,0.003267974,2440000000,8000000
delserCGA,4,80,2008000000,99.60159363,0.398406375,100,0.996015936,0.003984064,2000000000,8000000
delEGEG,3,80,2800000000,98.28571429,1.714285714,100,0.982857143,0.017142857,2752000000,48000000
delEGEG,4,80,2712000000,98.2300885,1.769911504,100,0.982300885,0.017699115,2664000000,48000000
SBW25,1,81,2696000000,100,0,100,1,0,2696000000,0
SBW25,2,81,2792000000,100,0,100,1,0,2792000000,0
delserCGA,1,81,2080000000,98.84615385,1.153846154,100,0.988461538,0.011538462,2056000000,24000000
delserCGA,2,81,1360000000,99.41176471,0.588235294,100,0.994117647,0.005882353,1352000000,8000000
delEGEG,1,81,2816000000,98.57954545,1.420454545,100,0.985795455,0.014204545,2776000000,40000000
delEGEG,2,81,2824000000,100,0,100,1,0,2824000000,0
SBW25,3,81,2424000000,100,0,100,1,0,2424000000,0
SBW25,4,81,2432000000,100,0,100,1,0,2432000000,0
delserCGA,3,81,1912000000,100,0,100,1,0,1912000000,0
delserCGA,4,81,1896000000,100,0,100,1,0,1896000000,0
delEGEG,3,81,2264000000,97.52650177,2.473498233,100,0.975265018,0.024734982,2208000000,56000000
delEGEG,4,81,1592000000,97.98994975,2.010050251,100,0.979899497,0.020100503,1560000000,32000000
SBW25,1,84,2072000000,100,0,100,1,0,2072000000,0
SBW25,2,84,2192000000,100,0,100,1,0,2192000000,0
delserCGA,1,84,2056000000,98.05447471,1.945525292,100,0.980544747,0.019455253,2016000000,40000000
delserCGA,2,84,1976000000,99.1902834,0.809716599,100,0.991902834,0.008097166,1960000000,16000000
delEGEG,1,84,1992000000,96.78714859,3.212851406,100,0.967871486,0.032128514,1928000000,64000000
delEGEG,2,84,2152000000,100,0,100,1,0,2152000000,0
SBW25,3,84,2504000000,100,0,100,1,0,2504000000,0
SBW25,4,84,2392000000,100,0,100,1,0,2392000000,0
delserCGA,3,84,2608000000,100,0,100,1,0,2608000000,0
delserCGA,4,84,1960000000,99.18367347,0.816326531,100,0.991836735,0.008163265,1944000000,16000000
delEGEG,3,84,1880000000,100,0,100,1,0,1880000000,0
delEGEG,4,84,2440000000,97.37704918,2.62295082,100,0.973770492,0.026229508,2376000000,64000000
SBW25,1,85,2560000000,100,0,100,1,0,2560000000,0
SBW25,2,85,2544000000,100,0,100,1,0,2544000000,0
delserCGA,1,85,1976000000,98.3805668,1.619433198,100,0.983805668,0.016194332,1944000000,32000000
delserCGA,2,85,2072000000,98.45559846,1.544401544,100,0.984555985,0.015444015,2040000000,32000000
delEGEG,1,85,2544000000,98.74213836,1.257861635,100,0.987421384,0.012578616,2512000000,32000000
delEGEG,2,85,2216000000,100,0,100,1,0,2216000000,0
SBW25,3,85,2384000000,100,0,100,1,0,2384000000,0
SBW25,4,85,2688000000,100,0,100,1,0,2688000000,0
delserCGA,3,85,1784000000,99.10313901,0.896860987,100,0.99103139,0.00896861,1768000000,16000000
delserCGA,4,85,1944000000,99.17695473,0.823045267,100,0.991769547,0.008230453,1928000000,16000000
delEGEG,3,85,1568000000,98.46938776,1.530612245,100,0.984693878,0.015306122,1544000000,24000000
delEGEG,4,85,1272000000,99.37106918,0.628930818,100,0.993710692,0.006289308,1264000000,8000000
SBW25,1,88,2928000000,100,0,100,1,0,2928000000,0
SBW25,2,88,2360000000,100,0,100,1,0,2360000000,0
delserCGA,1,88,2256000000,98.93617021,1.063829787,100,0.989361702,0.010638298,2232000000,24000000
delserCGA,2,88,2408000000,99.66777409,0.332225914,100,0.996677741,0.003322259,2400000000,8000000
delEGEG,1,88,2880000000,98.05555556,1.944444444,100,0.980555556,0.019444444,2824000000,56000000
delEGEG,2,88,2664000000,100,0,100,1,0,2664000000,0
SBW25,3,88,3032000000,100,0,100,1,0,3032000000,0
SBW25,4,88,2800000000,100,0,100,1,0,2800000000,0
delserCGA,3,88,2608000000,100,0,100,1,0,2608000000,0
delserCGA,4,88,2200000000,99.63636364,0.363636364,100,0.996363636,0.003636364,2192000000,8000000
delEGEG,3,88,2096000000,98.09160305,1.908396947,100,0.980916031,0.019083969,2056000000,40000000
delEGEG,4,88,2448000000,97.7124183,2.287581699,100,0.977124183,0.022875817,2392000000,56000000
SBW25,1,92,2520000000,100,0,100,1,0,2520000000,0
SBW25,2,92,2128000000,100,0,100,1,0,2128000000,0
delserCGA,1,92,2288000000,98.25174825,1.748251748,100,0.982517483,0.017482517,2248000000,40000000
delserCGA,2,92,1896000000,98.73417722,1.265822785,100,0.987341772,0.012658228,1872000000,24000000
delEGEG,1,92,1488000000,98.92473118,1.075268817,100,0.989247312,0.010752688,1472000000,16000000
delEGEG,2,92,2080000000,99.61538462,0.384615385,100,0.996153846,0.003846154,2072000000,8000000
SBW25,3,92,2312000000,100,0,100,1,0,2312000000,0
SBW25,4,92,2392000000,100,0,100,1,0,2392000000,0
delserCGA,3,92,2688000000,98.51190476,1.488095238,100,0.985119048,0.014880952,2648000000,40000000
delserCGA,4,92,2048000000,99.21875,0.78125,100,0.9921875,0.0078125,2032000000,16000000
delEGEG,3,92,2056000000,97.27626459,2.723735409,100,0.972762646,0.027237354,2000000000,56000000
delEGEG,4,92,2216000000,98.19494585,1.805054152,100,0.981949458,0.018050542,2176000000,40000000
SBW25,1,95,2448000000,100,0,100,1,0,2448000000,0
SBW25,2,95,1832000000,100,0,100,1,0,1832000000,0
delserCGA,1,95,1992000000,96.78714859,3.212851406,100,0.967871486,0.032128514,1928000000,64000000
delserCGA,2,95,2088000000,98.85057471,1.149425287,100,0.988505747,0.011494253,2064000000,24000000
delEGEG,1,95,2352000000,98.63945578,1.360544218,100,0.986394558,0.013605442,2320000000,32000000
delEGEG,2,95,2592000000,99.69135802,0.308641975,100,0.99691358,0.00308642,2584000000,8000000
SBW25,3,95,2392000000,100,0,100,1,0,2392000000,0
SBW25,4,95,2712000000,100,0,100,1,0,2712000000,0
delserCGA,3,95,2472000000,99.35275081,0.647249191,100,0.993527508,0.006472492,2456000000,16000000
delserCGA,4,95,2272000000,99.29577465,0.704225352,100,0.992957746,0.007042254,2256000000,16000000
delEGEG,3,95,2360000000,98.30508475,1.694915254,100,0.983050847,0.016949153,2320000000,40000000
delEGEG,4,95,2208000000,97.82608696,2.173913043,100,0.97826087,0.02173913,2160000000,48000000
SBW25,1,100,2224000000,100,0,100,1,0,2224000000,0
SBW25,2,100,2000000000,100,0,100,1,0,2000000000,0
delserCGA,1,100,1456000000,97.8021978,2.197802198,100,0.978021978,0.021978022,1424000000,32000000
delserCGA,2,100,1632000000,98.03921569,1.960784314,100,0.980392157,0.019607843,1600000000,32000000
delEGEG,1,100,2008000000,98.80478088,1.195219124,100,0.988047809,0.011952191,1984000000,24000000
delEGEG,2,100,1952000000,99.59016393,0.409836066,100,0.995901639,0.004098361,1944000000,8000000
SBW25,3,100,2040000000,100,0,100,1,0,2040000000,0
SBW25,4,100,1920000000,100,0,100,1,0,1920000000,0
delserCGA,3,100,1248000000,99.35897436,0.641025641,100,0.993589744,0.006410256,1240000000,8000000
delserCGA,4,100,1288000000,99.37888199,0.621118012,100,0.99378882,0.00621118,1280000000,8000000
delEGEG,3,100,1464000000,98.36065574,1.639344262,100,0.983606557,0.016393443,1440000000,24000000
delEGEG,4,100,1792000000,99.10714286,0.892857143,100,0.991071429,0.008928571,1776000000,16000000